Название	Название-2	Соседние станции	Субъект РФ	Направление	lat	lng
Струя	Струя	Черусти, Тасин (Владимирская область)	МОСКОВСКАЯ ОБЛАСТЬ	Горьковская ж.д., Муромское отд.	-	-
140 КМ			МОСКОВСКАЯ ОБЛАСТЬ	Московская ж.д.		
61 км			МОСКОВСКАЯ ОБЛАСТЬ	Московская ж.д.		
АКУЛОВО	Акулово	221 км, 214 км	МОСКОВСКАЯ ОБЛАСТЬ	Московская ж.д.		
Аэропорт Шереметьево	Аэропорт Шереметьево		МОСКОВСКАЯ ОБЛАСТЬ	Московская ж.д.		
БАРМИНО	Бармино	29 км, Сазоново	МОСКОВСКАЯ ОБЛАСТЬ	Московская ж.д.		
БЕКАСОВО-СОРТИРОВОЧНОЕ-П21	ЕСР: 180006		МОСКОВСКАЯ ОБЛАСТЬ	Московская ж.д.		
БЕКАСОВО-СОРТИРОВОЧНОЕ-Ч	ЕСР: 180006		МОСКОВСКАЯ ОБЛАСТЬ	Московская ж.д.		
Белокаменная		Ростокино, Черкизово	Г.МОСКВА	Московская ж.д.		
Бойня		Угрешская	Г.МОСКВА	Московская ж.д.		
БП 320 КМ			МОСКОВСКАЯ ОБЛАСТЬ	Московская ж.д.		
БУТОВО	ЕСР: 191208		МОСКОВСКАЯ ОБЛАСТЬ	Московская ж.д.		
ВЛАДЫКИНО-М			Г.МОСКВА	Московская ж.д.		
ДАВЫДОВО-НЕЧ	ЕСР: 231706		МОСКОВСКАЯ ОБЛАСТЬ	Московская ж.д.		
Канатчиково		Воробьевы Горы, Кожухово	Г.МОСКВА	Московская ж.д.		
Кожухово		Канатчиково, Угрешская	Г.МОСКВА	Московская ж.д.		
Лихоборы		Братцево, Владыкино-Московское	Г.МОСКВА	Московская ж.д.		
ЛОСИНООСТРОВСКАЯ МОК	ЕСР: 195406		Г.МОСКВА	Московская ж.д.		
ЛОСИНООСТРОВСКАЯ-Н	ЕСР: 195406		Г.МОСКВА	Московская ж.д.		
ЛОСИНООСТРОВСКАЯ-НЕЧ	ЕСР: 195406		Г.МОСКВА	Московская ж.д.		
ЛОСИНООСТРОВСКАЯ-Ч	ЕСР: 195406		Г.МОСКВА	Московская ж.д.		
ЛОСИНООСТРОВСКАЯ-ЧЕТ	ЕСР: 195406		Г.МОСКВА	Московская ж.д.		
ЛЮБЕРЦЫ-1-ВОСТ	ЕСР: 194206		МОСКОВСКАЯ ОБЛАСТЬ	Московская ж.д.		
ЛЮБЕРЦЫ-1-Н	ЕСР: 194206		МОСКОВСКАЯ ОБЛАСТЬ	Московская ж.д.		
ЛЮБЕРЦЫ-1-Н1	ЕСР: 194206		МОСКОВСКАЯ ОБЛАСТЬ	Московская ж.д.		
ЛЮБЕРЦЫ-1-У	ЕСР: 194206		МОСКОВСКАЯ ОБЛАСТЬ	Московская ж.д.		
ЛЮБЕРЦЫ-1-Ч	ЕСР: 194206		МОСКОВСКАЯ ОБЛАСТЬ	Московская ж.д.		
ЛЮБЕРЦЫ-1-Я	ЕСР: 194206		МОСКОВСКАЯ ОБЛАСТЬ	Московская ж.д.		
ЛЮБЛИНО-СОРТИРОВОЧНОЕ-Н	ЕСР: 190008		Г.МОСКВА	Московская ж.д.		
ЛЮБЛИНО-СОРТИРОВОЧНОЕ-Ч	ЕСР: 190008		Г.МОСКВА	Московская ж.д.		
ЛЮБЛИНО-СОРТИРОВОЧНОЕ-Ю	ЕСР: 190008		Г.МОСКВА	Московская ж.д.		
МОСКВА-ВХОД-КИЕВ	ЕСР: 198103		Г.МОСКВА	Московская ж.д.		
МОСКВА-П-КУР	ЕСР: 191602		Г.МОСКВА	Московская ж.д.		
МОСКВА-РИЖ	ЕСР: 196127		Г.МОСКВА	Московская ж.д.		
МОСКВА-ТОВ-СМОЛ-ЧЕТ	ЕСР: 198207		Г.МОСКВА	Московская ж.д.		
НОГИНСК-ЧЕТ	ЕСР: 231000		МОСКОВСКАЯ ОБЛАСТЬ	Московская ж.д.		
ОП 32 КМ			МОСКОВСКАЯ ОБЛАСТЬ	Московская ж.д.		
Орехово-1	ЕСР: 230008		МОСКОВСКАЯ ОБЛАСТЬ	Московская ж.д.		
ОРЕХОВО-ЗУЕВО-В	ЕСР: 230008		МОСКОВСКАЯ ОБЛАСТЬ	Московская ж.д.		
ОРЕХОВО-ЗУЕВО-П	ЕСР: 230008		МОСКОВСКАЯ ОБЛАСТЬ	Московская ж.д.		
ОРЕХОВО-ЗУЕВО-ПАРК А	ЕСР: 230008		МОСКОВСКАЯ ОБЛАСТЬ	Московская ж.д.		
ОРЕХОВО-ЗУЕВО-ПАРК В	ЕСР: 230008		МОСКОВСКАЯ ОБЛАСТЬ	Московская ж.д.		
ОРЕХОВО-ЗУЕВО-ПАРК Д	ЕСР: 230008		МОСКОВСКАЯ ОБЛАСТЬ	Московская ж.д.		
ОРЕХОВО-ЗУЕВО-ПАРК Т	ЕСР: 230008		МОСКОВСКАЯ ОБЛАСТЬ	Московская ж.д.		
ОРЕХОВО-ЗУЕВО-ПАРК У	ЕСР: 230008		МОСКОВСКАЯ ОБЛАСТЬ	Московская ж.д.		
ОРЕХОВО-ЗУЕВО-Ч	ЕСР: 230008		МОСКОВСКАЯ ОБЛАСТЬ	Московская ж.д.		
ПЕРОВО НБ	ЕСР: 193805		Г.МОСКВА	Московская ж.д.		
ПЕРОВО-4	ЕСР: 193805		Г.МОСКВА	Московская ж.д.		
ПЕРОВО-А	ЕСР: 193805		Г.МОСКВА	Московская ж.д.		
ПЕРОВО-К	ЕСР: 193805		Г.МОСКВА	Московская ж.д.		
ПЕРОВО-Н	ЕСР: 193805		Г.МОСКВА	Московская ж.д.		
ПЕРОВО-П1	ЕСР: 193805		Г.МОСКВА	Московская ж.д.		
ПЕРОВО-П10	ЕСР: 193805		Г.МОСКВА	Московская ж.д.		
ПЕРОВО-П7	ЕСР: 193805		Г.МОСКВА	Московская ж.д.		
ПЕРОВО-П9	ЕСР: 193805		Г.МОСКВА	Московская ж.д.		
ПЕРОВО-Ч	ЕСР: 193805		Г.МОСКВА	Московская ж.д.		
ПОТОЧИНО-М	ЕСР: 237609		МОСКОВСКАЯ ОБЛАСТЬ	Московская ж.д.		
ПУТЕВОЙ ПОСТ 97 КМ			МОСКОВСКАЯ ОБЛАСТЬ	Московская ж.д.		
Ростокино		Владыкино-Московское, Белокаменная	Г.МОСКВА	Московская ж.д.		
СЕВЕРНЫЙ ПОСТ			Г.МОСКВА	Московская ж.д.		
СЕРЕБРЯН БОР			Г.МОСКВА	Московская ж.д.		
СОФРИНО-НЕЧ	ЕСР: 236004		МОСКОВСКАЯ ОБЛАСТЬ	Московская ж.д.		
ТЕРМИНАЛ-ВНУКОВО			МОСКОВСКАЯ ОБЛАСТЬ	Московская ж.д.		
Угрешская		Андроновка, Москва-Южный Порт, Кожухово, Бойня	Г.МОСКВА	Московская ж.д.		
12 км	Разъезд 12 км	Лошатовка, Клемово	МОСКОВСКАЯ ОБЛАСТЬ	Московская ж.д., Московско-Курское отд.		
121 км	121 км	123 км, Ожерелье	МОСКОВСКАЯ ОБЛАСТЬ	Московская ж.д., Московско-Курское отд.		
122 км	122 км122 км	Дулево, Центральный	МОСКОВСКАЯ ОБЛАСТЬ	Московская ж.д., Московско-Курское отд.		
123 км	123 км	126 км, Ожерелье	МОСКОВСКАЯ ОБЛАСТЬ	Московская ж.д., Московско-Курское отд.		
123 км		Пурлово, 121 км	МОСКОВСКАЯ ОБЛАСТЬ	Московская ж.д., Московско-Курское отд.		
126 км	126 км	Пчеловодное, 123 км	МОСКОВСКАЯ ОБЛАСТЬ	Московская ж.д., Московско-Курское отд.		
131 км	131 км	Топканово, Пурлово		Московская ж.д., Московско-Курское отд.		
137 км	137 км	Богатищево, Топканово	МОСКОВСКАЯ ОБЛАСТЬ	Московская ж.д., Московско-Курское отд.		
14 км	14 км	Ковригино, Электрогорск	МОСКОВСКАЯ ОБЛАСТЬ	Московская ж.д., Московско-Курское отд.		
146 км	146 км	Коровино, Богатищево	МОСКОВСКАЯ ОБЛАСТЬ	Московская ж.д., Московско-Курское отд.		
152 км	152 км	Узуново, Коровино	МОСКОВСКАЯ ОБЛАСТЬ	Московская ж.д., Московско-Курское отд.		
162 км	Мягкое	Дудино-Серебряное, Узуново	МОСКОВСКАЯ ОБЛАСТЬ	Московская ж.д., Московско-Курское отд.		
173 км	173 км	Ветчи (Владимирская область), 178 км	МОСКОВСКАЯ ОБЛАСТЬ	Московская ж.д., Московско-Курское отд.		
178 км	178 км	173 км, Поточино	МОСКОВСКАЯ ОБЛАСТЬ	Московская ж.д., Московско-Курское отд.		
18 км		22 км, Лошатовка	МОСКОВСКАЯ ОБЛАСТЬ	Московская ж.д., Московско-Курское отд.		
185 км	185 км	Орехово-Зуево, Поточино	МОСКОВСКАЯ ОБЛАСТЬ	Московская ж.д., Московско-Курское отд.		
22 км		18 км, 24 км	МОСКОВСКАЯ ОБЛАСТЬ	Московская ж.д., Московско-Курское отд.		
24 км		22 км, Жоково (Рязанская область)	МОСКОВСКАЯ ОБЛАСТЬ	Московская ж.д., Московско-Курское отд.		
28 км		Верейкино (Рязанская область), Жоково (Рязанская область)	МОСКОВСКАЯ ОБЛАСТЬ	Московская ж.д., Московско-Курское отд.		
298 км	298 км	Детково, Повадино	МОСКОВСКАЯ ОБЛАСТЬ	Московская ж.д., Московско-Курское отд.		
30 км	Заря	Черное, Купавна	Г.МОСКВА	Московская ж.д., Московско-Курское отд.		
309 км	309 км	Повадино, 312 км	МОСКОВСКАЯ ОБЛАСТЬ	Московская ж.д., Московско-Курское отд.		
312 км	312 км	Усады-Окружные, 309 км	МОСКОВСКАЯ ОБЛАСТЬ	Московская ж.д., Московско-Курское отд.		
328 км	328 км	Михнево, 332 км	МОСКОВСКАЯ ОБЛАСТЬ	Московская ж.д., Московско-Курское отд.		
33 км	33 км	Купавна, Электроугли	МОСКОВСКАЯ ОБЛАСТЬ	Московская ж.д., Московско-Курское отд.		
332 км	332 км	328 км, Малино	МОСКОВСКАЯ ОБЛАСТЬ	Московская ж.д., Московско-Курское отд.		
341 км	341 км	Яганово, Малино	МОСКОВСКАЯ ОБЛАСТЬ	Московская ж.д., Московско-Курское отд.		
35 км	35 км	Макеево-Московское, Верейкино (Рязанская область)	МОСКОВСКАЯ ОБЛАСТЬ	Московская ж.д., Московско-Курское отд.		
39 км	40 км40 км	Бубяково, Наугольный	МОСКОВСКАЯ ОБЛАСТЬ	Московская ж.д., Московско-Курское отд.		
4 км		Серпухов, Серпухов-Ветка	МОСКОВСКАЯ ОБЛАСТЬ	Московская ж.д., Московско-Курское отд.		
43 км	43 км	Электроугли, Храпуново	МОСКОВСКАЯ ОБЛАСТЬ	Московская ж.д., Московско-Курское отд.		
43 км	43 км	Зеленоградская, Софрино	МОСКОВСКАЯ ОБЛАСТЬ	Московская ж.д., Московско-Курское отд.		
47 км	47 км47 км	Желтиково, Бубяково	МОСКОВСКАЯ ОБЛАСТЬ	Московская ж.д., Московско-Курское отд.		
52 км	52 км	Барыбино, Белые Столбы	МОСКОВСКАЯ ОБЛАСТЬ	Московская ж.д., Московско-Курское отд.		
53 км		Латыгоры, 56 км	МОСКОВСКАЯ ОБЛАСТЬ	Московская ж.д., Московско-Курское отд.		
56 км		59 км, 53 км	МОСКОВСКАЯ ОБЛАСТЬ	Московская ж.д., Московско-Курское отд.		
59 км		60 км (Рязанская область), 56 км	МОСКОВСКАЯ ОБЛАСТЬ	Московская ж.д., Московско-Курское отд.		
61 км	62 км	Костино, Желтиково	МОСКОВСКАЯ ОБЛАСТЬ	Московская ж.д., Московско-Курское отд.		
64 км	Лесная	Фрязево, Колонтаево	МОСКОВСКАЯ ОБЛАСТЬ	Московская ж.д., Московско-Курское отд.		
66 км	66 км	Чепелево, Столбовая	МОСКОВСКАЯ ОБЛАСТЬ	Московская ж.д., Московско-Курское отд.		
7 км		Узуново, Клемово	МОСКОВСКАЯ ОБЛАСТЬ	Московская ж.д., Московско-Курское отд.		
76 км	76 км	Сергиев Посад, 81 км	МОСКОВСКАЯ ОБЛАСТЬ	Московская ж.д., Московско-Курское отд.		
81 км	81 км81 км	76 км, 83 км, Наугольный	МОСКОВСКАЯ ОБЛАСТЬ	Московская ж.д., Московско-Курское отд.		
83 км	83 км	81 км, Бужаниново	МОСКОВСКАЯ ОБЛАСТЬ	Московская ж.д., Московско-Курское отд.		
85 км	85 км	Жилево, Шугарево	МОСКОВСКАЯ ОБЛАСТЬ	Московская ж.д., Московско-Курское отд.		
87 км	87 км	Орехово-Зуево, Кабаново	МОСКОВСКАЯ ОБЛАСТЬ	Московская ж.д., Московско-Курское отд.		
90 км	90 км	Бужаниново, Арсаки (Владимирская область)	МОСКОВСКАЯ ОБЛАСТЬ	Московская ж.д., Московско-Курское отд.		
92 км	92 км	Авангард, Шарапова Охота	МОСКОВСКАЯ ОБЛАСТЬ	Московская ж.д., Московско-Курское отд.		
Абрамцево	Абрамцево	Радонеж, Хотьково	МОСКОВСКАЯ ОБЛАСТЬ	Московская ж.д., Московско-Курское отд.		
Авангард	Авангард	Серпухов, 92 км	МОСКОВСКАЯ ОБЛАСТЬ	Московская ж.д., Московско-Курское отд.		
Авиационная	Авиационная	Домодедово, Космос	МОСКОВСКАЯ ОБЛАСТЬ	Московская ж.д., Московско-Курское отд.		
Акри	Акри	Белопесоцкий, Ступино	МОСКОВСКАЯ ОБЛАСТЬ	Московская ж.д., Московско-Курское отд.		
Андроновка		Лефортово, Угрешская	Г.МОСКВА	Московская ж.д., Московско-Курское отд.		
Ашукинская	Ашукинская	Софрино, Калистово	МОСКОВСКАЯ ОБЛАСТЬ	Московская ж.д., Московско-Курское отд.		
Аэропорт-Домодедово	Аэропорт-Домодедово	Космос	МОСКОВСКАЯ ОБЛАСТЬ	Московская ж.д., Московско-Курское отд.		
Балашиха	Балашиха	Горенки	МОСКОВСКАЯ ОБЛАСТЬ	Московская ж.д., Московско-Курское отд.		
Барыбино	Барыбино	52 км, Вельяминово	МОСКОВСКАЯ ОБЛАСТЬ	Московская ж.д., Московско-Курское отд.		
Бахчиванджи	Бахчиванджи	Чкаловская, Циолковская	МОСКОВСКАЯ ОБЛАСТЬ	Московская ж.д., Московско-Курское отд.		
Белокаменная	ЕСР: 199110		Г.МОСКВА	Московская ж.д., Московско-Курское отд.		
Белопесоцкий	Белопесоцкий	Кашира-Пассажирская, Акри	МОСКОВСКАЯ ОБЛАСТЬ	Московская ж.д., Московско-Курское отд.		
Белые Столбы	Белые Столбы	52 км, Востряково	МОСКОВСКАЯ ОБЛАСТЬ	Московская ж.д., Московско-Курское отд.		
Бирюлево-Пассажирская	Бирюлёво-Пассажирская	Булатниково, Бирюлево-Товарная	Г.МОСКВА	Московская ж.д., Московско-Курское отд.		
Бирюлево-Товарная	Бирюлёво-Товарная	Царицыно, Бирюлево-Пассажирская, Чертаново	Г.МОСКВА	Московская ж.д., Московско-Курское отд.		
Битца	Битца	Бутово, Красный Строитель	МОСКОВСКАЯ ОБЛАСТЬ	Московская ж.д., Московско-Курское отд.		
Богатищево	Богатищево	146 км, 137 км	МОСКОВСКАЯ ОБЛАСТЬ	Московская ж.д., Московско-Курское отд.		
Бойня	ЕСР: 199712		Г.МОСКВА	Московская ж.д., Московско-Курское отд.		
Болшево	БолшевоБолшево	Подлипки-Дачные, Валентиновка, Фабрика 1 Мая	МОСКОВСКАЯ ОБЛАСТЬ	Московская ж.д., Московско-Курское отд.		
Братцево		Серебряный Бор, Лихоборы	Г.МОСКВА	Московская ж.д., Московско-Курское отд.		
Бубяково	БубяковоБубяково	47 км, 39 км	МОСКОВСКАЯ ОБЛАСТЬ	Московская ж.д., Московско-Курское отд.		
Бужаниново	Бужаниново	83 км, 90 км	МОСКОВСКАЯ ОБЛАСТЬ	Московская ж.д., Московско-Курское отд.		
Булатниково	Булатниково	Расторгуево, Бирюлево-Пассажирская	МОСКОВСКАЯ ОБЛАСТЬ	Московская ж.д., Московско-Курское отд.		
Бутово	Бутово	Щербинка, Битца	МОСКОВСКАЯ ОБЛАСТЬ	Московская ж.д., Московско-Курское отд.		
Валентиновка	Валентиновка	Болшево, Загорянская	МОСКОВСКАЯ ОБЛАСТЬ	Московская ж.д., Московско-Курское отд.		
Вельяминово	Вельяминово	Барыбино, Привалово	МОСКОВСКАЯ ОБЛАСТЬ	Московская ж.д., Московско-Курское отд.		
Весенняя	Весенняя	Гривно, Кутузовская	МОСКОВСКАЯ ОБЛАСТЬ	Московская ж.д., Московско-Курское отд.		
Взлетная	Взлётная	Востряково, Домодедово	МОСКОВСКАЯ ОБЛАСТЬ	Московская ж.д., Московско-Курское отд.		
Владыкино-Московское		Лихоборы, Ростокино	Г.МОСКВА	Московская ж.д., Московско-Курское отд.		
Воиново	Воиново	Крутое, Усад (Владимирская область)	МОСКОВСКАЯ ОБЛАСТЬ	Московская ж.д., Московско-Курское отд.		
Воробьевы Горы		Канатчиково, Кутузово	Г.МОСКВА	Московская ж.д., Московско-Курское отд.		
Воронок	Воронок	Соколовская, Щелково	МОСКОВСКАЯ ОБЛАСТЬ	Московская ж.д., Московско-Курское отд.		
Востряково	Востряково	Белые Столбы, Взлетная	МОСКОВСКАЯ ОБЛАСТЬ	Московская ж.д., Московско-Курское отд.		
Вохна	Вохна	Казанское, Павловский Посад	МОСКОВСКАЯ ОБЛАСТЬ	Московская ж.д., Московско-Курское отд.		
Гагаринская	Гагаринская	Щелково, Чкаловская	МОСКОВСКАЯ ОБЛАСТЬ	Московская ж.д., Московско-Курское отд.		
Горенки	Горенки	Стройка, Балашиха	МОСКОВСКАЯ ОБЛАСТЬ	Московская ж.д., Московско-Курское отд.		
Гривно	Гривно	Львовская, Весенняя	МОСКОВСКАЯ ОБЛАСТЬ	Московская ж.д., Московско-Курское отд.		
Депо	Депо	Люблино-Сортировочное, Перерва	Г.МОСКВА	Московская ж.д., Московско-Курское отд.		
Депо	ДепоДепо	Центральный, Северный	МОСКОВСКАЯ ОБЛАСТЬ	Московская ж.д., Московско-Курское отд.		
Детково	Детково	Сандарово, Столбовая, 298 км	МОСКОВСКАЯ ОБЛАСТЬ	Московская ж.д., Московско-Курское отд.		
Детская	ДетскаяДетская	Ивантеевка, Фрязино	МОСКОВСКАЯ ОБЛАСТЬ	Московская ж.д., Московско-Курское отд.		
Динамо		Мытищи, Победа	МОСКОВСКАЯ ОБЛАСТЬ	Московская ж.д., Московско-Курское отд.		
Домодедово	Домодедово	Взлетная, Ленинская, Авиационная	МОСКОВСКАЯ ОБЛАСТЬ	Московская ж.д., Московско-Курское отд.		
Дрезна	Дрезна	Назарьево, Кабаново	МОСКОВСКАЯ ОБЛАСТЬ	Московская ж.д., Московско-Курское отд.		
Дудино-Серебряное	Дудино-Серебряное	Серебряные Пруды, 162 км	МОСКОВСКАЯ ОБЛАСТЬ	Московская ж.д., Московско-Курское отд.		
Дулево	Дулёво	Руново, 122 км	МОСКОВСКАЯ ОБЛАСТЬ	Московская ж.д., Московско-Курское отд.		
ДУЛЕВО-НЕЧ	ЕСР: 231602		МОСКОВСКАЯ ОБЛАСТЬ	Московская ж.д., Московско-Курское отд.		
ДУЛЕВО-П	ЕСР: 231602		МОСКОВСКАЯ ОБЛАСТЬ	Московская ж.д., Московско-Курское отд.		
Есино	Есино	Храпуново, Фрязево	МОСКОВСКАЯ ОБЛАСТЬ	Московская ж.д., Московско-Курское отд.		
Железнодорожная	Железнодорожная	Кучино, Черное	МОСКОВСКАЯ ОБЛАСТЬ	Московская ж.д., Московско-Курское отд.		
Желтиково	Желтиково	61 км, 47 км	МОСКОВСКАЯ ОБЛАСТЬ	Московская ж.д., Московско-Курское отд.		
Жилево	Жилёво	Ситенка, 85 км, Шматово	МОСКОВСКАЯ ОБЛАСТЬ	Московская ж.д., Московско-Курское отд.		
Заветы Ильича	Заветы Ильича	Пушкино, Правда	МОСКОВСКАЯ ОБЛАСТЬ	Московская ж.д., Московско-Курское отд.		
Загорянская	Загорянская	Валентиновка, Соколовская	МОСКОВСКАЯ ОБЛАСТЬ	Московская ж.д., Московско-Курское отд.		
Захарово	Захарово	Ногинск	МОСКОВСКАЯ ОБЛАСТЬ	Московская ж.д., Московско-Курское отд.		
Зеленоградская	Зеленоградская	Правда, 43 км	МОСКОВСКАЯ ОБЛАСТЬ	Московская ж.д., Московско-Курское отд.		
Зеленый Бор	Зелёный бор	Фабрика 1 Мая, Ивантеевка 2	МОСКОВСКАЯ ОБЛАСТЬ	Московская ж.д., Московско-Курское отд.		
ЗИЛ	Тульская	Нижние Котлы, Москва-Товарная-Павелецкая	Г.МОСКВА	Московская ж.д., Московско-Курское отд.		
Ивантеевка	Ивантеевка	Ивантеевка 2, Детская	МОСКОВСКАЯ ОБЛАСТЬ	Московская ж.д., Московско-Курское отд.		
Ивантеевка 2	Ивантеевка-2	Зеленый Бор, Ивантеевка	МОСКОВСКАЯ ОБЛАСТЬ	Московская ж.д., Московско-Курское отд.		
Кабаново	Кабаново	87 км, Дрезна	МОСКОВСКАЯ ОБЛАСТЬ	Московская ж.д., Московско-Курское отд.		
Казанское	Казанское	Фрязево, Вохна	МОСКОВСКАЯ ОБЛАСТЬ	Московская ж.д., Московско-Курское отд.		
Калинина	Калинина	Ленинская, Расторгуево	МОСКОВСКАЯ ОБЛАСТЬ	Московская ж.д., Московско-Курское отд.		
Калистово	Калистово	Ашукинская, Радонеж	МОСКОВСКАЯ ОБЛАСТЬ	Московская ж.д., Московско-Курское отд.		
Калитники	Калитники	Текстильщики, Москва-Товарная Курская	Г.МОСКВА	Московская ж.д., Московско-Курское отд.		
Канатчиково	ЕСР: 198372		Г.МОСКВА	Московская ж.д., Московско-Курское отд.		
Карачарово	Карачарово	Чухлинка, Серп и Молот	Г.МОСКВА	Московская ж.д., Московско-Курское отд.		
Кашино	Кашино	Монино, Колонтаево	МОСКОВСКАЯ ОБЛАСТЬ	Московская ж.д., Московско-Курское отд.		
Кашира-Пассажирская	Кашира-Пассажирская	Тесна, Белопесоцкий, Кашира-Товарная	МОСКОВСКАЯ ОБЛАСТЬ	Московская ж.д., Московско-Курское отд.		
Кашира-Товарная		Кашира-Пассажирская	МОСКОВСКАЯ ОБЛАСТЬ	Московская ж.д., Московско-Курское отд.		
Клемово	Клёмово	7 км, 12 км	МОСКОВСКАЯ ОБЛАСТЬ	Московская ж.д., Московско-Курское отд.		
Клязьма	Клязьма	Тарасовская, Мамонтовская	МОСКОВСКАЯ ОБЛАСТЬ	Московская ж.д., Московско-Курское отд.		
Ковригино	Ковригино	Ленская, 14 км	МОСКОВСКАЯ ОБЛАСТЬ	Московская ж.д., Московско-Курское отд.		
Кожухово	ЕСР: 199619		Г.МОСКВА	Московская ж.д., Московско-Курское отд.		
Коломенское	Коломенское	Чертаново, Нижние Котлы	Г.МОСКВА	Московская ж.д., Московско-Курское отд.		
Колонтаево	Колонтаево	Кашино, 64 км	МОСКОВСКАЯ ОБЛАСТЬ	Московская ж.д., Московско-Курское отд.		
Колхозная	Молоди	Столбовая, Львовская	МОСКОВСКАЯ ОБЛАСТЬ	Московская ж.д., Московско-Курское отд.		
Колычево	Колычево	Сотниково, Шматово	МОСКОВСКАЯ ОБЛАСТЬ	Московская ж.д., Московско-Курское отд.		
Кораблевка	Кораблёвка	Треполье (Рязанская область), Серебряные Пруды	МОСКОВСКАЯ ОБЛАСТЬ	Московская ж.д., Московско-Курское отд.		
Коровино	Коровино	146 км, 152 км	МОСКОВСКАЯ ОБЛАСТЬ	Московская ж.д., Московско-Курское отд.		
Космос	Космос	Авиационная, Аэропорт-Домодедово	МОСКОВСКАЯ ОБЛАСТЬ	Московская ж.д., Московско-Курское отд.		
Костино	Костино	61 км, 69 км	МОСКОВСКАЯ ОБЛАСТЬ	Московская ж.д., Московско-Курское отд.		
Красноармейск	Красноармейск	Путилово	МОСКОВСКАЯ ОБЛАСТЬ	Московская ж.д., Московско-Курское отд.		
Красный Строитель	Красный Строитель	Битца, Покровское	Г.МОСКВА	Московская ж.д., Московско-Курское отд.		
Крутое	Крутое	Орехово-Зуево, Воиново	МОСКОВСКАЯ ОБЛАСТЬ	Московская ж.д., Московско-Курское отд.		
Купавна	Купавна	30 км, 33 км	МОСКОВСКАЯ ОБЛАСТЬ	Московская ж.д., Московско-Курское отд.		
Кусково	Кусково	Чухлинка, Новогиреево, Перово	Г.МОСКВА	Московская ж.д., Московско-Курское отд.		
Кутузово		Воробьевы Горы, Пресня	Г.МОСКВА	Московская ж.д., Московско-Курское отд.		
Кутузовская	Кутузовская	Весенняя, Подольск	МОСКОВСКАЯ ОБЛАСТЬ	Московская ж.д., Московско-Курское отд.		
Кучино	Кучино	Салтыковская, Железнодорожная	МОСКОВСКАЯ ОБЛАСТЬ	Московская ж.д., Московско-Курское отд.		
Латыгоры	Латыгоры	РАЗЪЕЗД 47 КМ, 53 км	МОСКОВСКАЯ ОБЛАСТЬ	Московская ж.д., Московско-Курское отд.		
Ленинская	Ленинская	Домодедово, Калинина	МОСКОВСКАЯ ОБЛАСТЬ	Московская ж.д., Московско-Курское отд.		
Ленская	Ленская	Павловский Посад, Ковригино	МОСКОВСКАЯ ОБЛАСТЬ	Московская ж.д., Московско-Курское отд.		
Лесные Дары	Лесные Дары	Шкинь, Шубатово	МОСКОВСКАЯ ОБЛАСТЬ	Московская ж.д., Московско-Курское отд.		
Лефортово		Черкизово, Андроновка	Г.МОСКВА	Московская ж.д., Московско-Курское отд.		
Лихоборы	ЕСР: 198813		Г.МОСКВА	Московская ж.д., Московско-Курское отд.		
Лосиноостровская	Лосиноостровская	Лось, Северянин, Москва-Товарная-Ярославская	Г.МОСКВА	Московская ж.д., Московско-Курское отд.		
Лось	Лось	Лосиноостровская, Перловская	Г.МОСКВА	Московская ж.д., Московско-Курское отд.		
Лошатовка	Лошатовка	12 км, 18 км	МОСКОВСКАЯ ОБЛАСТЬ	Московская ж.д., Московско-Курское отд.		
Луч	Луч	Шарапова Охота, Чехов	МОСКОВСКАЯ ОБЛАСТЬ	Московская ж.д., Московско-Курское отд.		
Львовская	Львовская	Колхозная, Гривно	МОСКОВСКАЯ ОБЛАСТЬ	Московская ж.д., Московско-Курское отд.		
Люблино	Люблино	Люблино-Сортировочное, Текстильщики	Г.МОСКВА	Московская ж.д., Московско-Курское отд.		
Люблино-Сортировочное		Люблино, Депо	Г.МОСКВА	Московская ж.д., Московско-Курское отд.		
Лютик	Лютик	Мякинино, Яганово	МОСКОВСКАЯ ОБЛАСТЬ	Московская ж.д., Московско-Курское отд.		
Макеево-Московское	Макеево-Московское	РАЗЪЕЗД 47 КМ, 35 км	МОСКОВСКАЯ ОБЛАСТЬ	Московская ж.д., Московско-Курское отд.		
Маленковская	Маленковская	Москва 3, Яуза	Г.МОСКВА	Московская ж.д., Московско-Курское отд.		
Малино	Малино	332 км, 341 км	МОСКОВСКАЯ ОБЛАСТЬ	Московская ж.д., Московско-Курское отд.		
Мамонтовская	Мамонтовская	Клязьма, Пушкино	МОСКОВСКАЯ ОБЛАСТЬ	Московская ж.д., Московско-Курское отд.		
Машиностроитель	Машиностроитель	Электросталь, Ногинск	МОСКОВСКАЯ ОБЛАСТЬ	Московская ж.д., Московско-Курское отд.		
Металлург	Металлург	Фрязево, Электросталь	МОСКОВСКАЯ ОБЛАСТЬ	Московская ж.д., Московско-Курское отд.		
Михнево	Михнево	Шугарево, 328 км, Усады-Окружные, Привалово	МОСКОВСКАЯ ОБЛАСТЬ	Московская ж.д., Московско-Курское отд.		
Монино	Монино	Осеевская, Кашино	МОСКОВСКАЯ ОБЛАСТЬ	Московская ж.д., Московско-Курское отд.		
Москва 3	Москва-3	Москва-Пассажирская-Ярославская, Маленковская	Г.МОСКВА	Московская ж.д., Московско-Курское отд.		
Москва-Каланчевская		Москва-Пассажирская-Курская, Ржевская	Г.МОСКВА	Московская ж.д., Московско-Курское отд.		
Москва-Пассажирская-Курская	Москва-Пассажирская-Курская	Москва-Товарная Курская, Москва-Каланчевская, Серп и Молот	Г.МОСКВА	Московская ж.д., Московско-Курское отд.		
Москва-Пассажирская-Павелецкая	Москва-Пассажирская-Павелецкая	Москва-Товарная-Павелецкая	Г.МОСКВА	Московская ж.д., Московско-Курское отд.		
Москва-Пассажирская-Ярославская	Москва-Пассажирская-Ярославская	Москва 3	Г.МОСКВА	Московская ж.д., Московско-Курское отд.		
Москва-Товарная Курская		Калитники, Москва-Пассажирская-Курская	Г.МОСКВА	Московская ж.д., Московско-Курское отд.		
Москва-Товарная-Павелецкая	Москва-Товарная-Павелецкая	ЗИЛ, Москва-Пассажирская-Павелецкая	Г.МОСКВА	Московская ж.д., Московско-Курское отд.		
Москва-Товарная-Павелецкая	ЕСР: 193504		Г.МОСКВА	Московская ж.д., Московско-Курское отд.		
Москва-Товарная-Ярославская		Лосиноостровская	Г.МОСКВА	Московская ж.д., Московско-Курское отд.		
Москва-Южный Порт	ЕСР: 199411		Г.МОСКВА	Московская ж.д., Московско-Курское отд.		
Москва-Южный Порт		Угрешская	Г.МОСКВА	Московская ж.д., Московско-Курское отд.		
Москва-Южный-Порт (перев.)	ЕСР: 199411	Москва-Южный Порт, Угрешская	Г.МОСКВА	Московская ж.д., Московско-Курское отд.		
Москва-Южный-Порт (эксп.)	ЕСР: 199411	Москва-Южный Порт	Г.МОСКВА	Московская ж.д., Московско-Курское отд.		
Москворечье	Москворечье	Царицыно, Перерва	Г.МОСКВА	Московская ж.д., Московско-Курское отд.		
Мытищи	Мытищи	Тайнинская, Строитель, Динамо, Подлипки-Дачные	МОСКОВСКАЯ ОБЛАСТЬ	Московская ж.д., Московско-Курское отд.		
Мякинино	Мякинино	Шубатово, Лютик	МОСКОВСКАЯ ОБЛАСТЬ	Московская ж.д., Московско-Курское отд.		
Назарьево	Назарьево	Павловский Посад, Дрезна	МОСКОВСКАЯ ОБЛАСТЬ	Московская ж.д., Московско-Курское отд.		
Наугольный	НаугольныйНаугольный	81 км, 39 км	МОСКОВСКАЯ ОБЛАСТЬ	Московская ж.д., Московско-Курское отд.		
Нижние Котлы	Нижние Котлы	Коломенское, ЗИЛ	Г.МОСКВА	Московская ж.д., Московско-Курское отд.		
Никольское	Никольское	Реутово, Салтыковская	МОСКОВСКАЯ ОБЛАСТЬ	Московская ж.д., Московско-Курское отд.		
Новогиреево	Новогиреево	Кусково, Реутово	Г.МОСКВА	Московская ж.д., Московско-Курское отд.		
Новопролетарская			Г.МОСКВА	Московская ж.д., Московско-Курское отд.		
Ногинск	Ногинск	Машиностроитель, Захарово	МОСКОВСКАЯ ОБЛАСТЬ	Московская ж.д., Московско-Курское отд.		
Ожерелье	Ожерелье	Тесна, 123 км, 121 км	МОСКОВСКАЯ ОБЛАСТЬ	Московская ж.д., Московско-Курское отд.		
Ока	ОкаОка	Серпухов, 107 км	МОСКОВСКАЯ ОБЛАСТЬ	Московская ж.д., Московско-Курское отд.		
ОКА	ЕСР: 190101		МОСКОВСКАЯ ОБЛАСТЬ	Московская ж.д., Московско-Курское отд.		
Орехово-Зуево	Орехово-Зуево	Крутое, 87 км, Северный, 185 км	МОСКОВСКАЯ ОБЛАСТЬ	Московская ж.д., Московско-Курское отд.		
Осеевская	Осеевская	Циолковская, Монино	МОСКОВСКАЯ ОБЛАСТЬ	Московская ж.д., Московско-Курское отд.		
Осенка	Осёнка	Непецино, Шкинь	МОСКОВСКАЯ ОБЛАСТЬ	Московская ж.д., Московско-Курское отд.		
Павловский Посад	Павловский Посад	Вохна, Назарьево, Ленская	МОСКОВСКАЯ ОБЛАСТЬ	Московская ж.д., Московско-Курское отд.		
Перерва	Перерва	Москворечье, Депо	Г.МОСКВА	Московская ж.д., Московско-Курское отд.		
Перловская	Перловская	Лось, Тайнинская	МОСКОВСКАЯ ОБЛАСТЬ	Московская ж.д., Московско-Курское отд.		
Пирогово		Победа	МОСКОВСКАЯ ОБЛАСТЬ	Московская ж.д., Московско-Курское отд.		
Победа		Динамо, Пирогово	МОСКОВСКАЯ ОБЛАСТЬ	Московская ж.д., Московско-Курское отд.		
Повадино	Повадино	298 км, 309 км	МОСКОВСКАЯ ОБЛАСТЬ	Московская ж.д., Московско-Курское отд.		
Подлипки-Дачные	Подлипки-Дачные	Мытищи, Болшево	МОСКОВСКАЯ ОБЛАСТЬ	Московская ж.д., Московско-Курское отд.		
Подольск	Подольск	Кутузовская, Силикатная	МОСКОВСКАЯ ОБЛАСТЬ	Московская ж.д., Московско-Курское отд.		
Покровское	Покровская	Красный Строитель, Царицыно	Г.МОСКВА	Московская ж.д., Московско-Курское отд.		
Поточино	Поточино	178 км, 185 км	МОСКОВСКАЯ ОБЛАСТЬ	Московская ж.д., Московско-Курское отд.		
Правда	Правда	Заветы Ильича, Зеленоградская	МОСКОВСКАЯ ОБЛАСТЬ	Московская ж.д., Московско-Курское отд.		
Пресня		Кутузово, Серебряный Бор	Г.МОСКВА	Московская ж.д., Московско-Курское отд.		
Привалово	Привалово	Михнево, Вельяминово	МОСКОВСКАЯ ОБЛАСТЬ	Московская ж.д., Московско-Курское отд.		
Пурлово	Пурлово	131 км, 123 км	МОСКОВСКАЯ ОБЛАСТЬ	Московская ж.д., Московско-Курское отд.		
Путилово	Путилово	Красноармейск, Федоровское	МОСКОВСКАЯ ОБЛАСТЬ	Московская ж.д., Московско-Курское отд.		
Пушкино	Пушкино	Мамонтовская, Заветы Ильича	МОСКОВСКАЯ ОБЛАСТЬ	Московская ж.д., Московско-Курское отд.		
Пчеловодное	Пчеловодное	137 км (Тульская область), 126 км	МОСКОВСКАЯ ОБЛАСТЬ	Московская ж.д., Московско-Курское отд.		
Радонеж	Радонеж	Калистово, Абрамцево	МОСКОВСКАЯ ОБЛАСТЬ	Московская ж.д., Московско-Курское отд.		
РАЗЪЕЗД 47 КМ		Латыгоры, Макеево-Московское	МОСКОВСКАЯ ОБЛАСТЬ	Московская ж.д., Московско-Курское отд.		
Расторгуево	Расторгуево	Калинина, Булатниково	МОСКОВСКАЯ ОБЛАСТЬ	Московская ж.д., Московско-Курское отд.		
Рахманово	Рахманово	Софрино 2, Федоровское	МОСКОВСКАЯ ОБЛАСТЬ	Московская ж.д., Московско-Курское отд.		
Реутово	Реутово	Новогиреево, Никольское, Стройка	МОСКОВСКАЯ ОБЛАСТЬ	Московская ж.д., Московско-Курское отд.		
Ржевская	Ржевская	Москва-Каланчевская, Дмитровская	Г.МОСКВА	Московская ж.д., Московско-Курское отд.		
Ростокино	ЕСР: 199017		Г.МОСКВА	Московская ж.д., Московско-Курское отд.		
Салтыковская	Салтыковская	Никольское, Кучино	МОСКОВСКАЯ ОБЛАСТЬ	Московская ж.д., Московско-Курское отд.		
Северный	СеверныйСеверный	Орехово-Зуево, Депо	МОСКОВСКАЯ ОБЛАСТЬ	Московская ж.д., Московско-Курское отд.		
Северянин	Северянин	Лосиноостровская, Яуза	Г.МОСКВА	Московская ж.д., Московско-Курское отд.		
Семхоз	Семхоз	Хотьково, Сергиев Посад	МОСКОВСКАЯ ОБЛАСТЬ	Московская ж.д., Московско-Курское отд.		
Сергиев Посад	Сергиев Посад	Семхоз, 76 км	МОСКОВСКАЯ ОБЛАСТЬ	Московская ж.д., Московско-Курское отд.		
Серебряные Пруды	Серебряные Пруды	Кораблевка, Дудино-Серебряное	МОСКОВСКАЯ ОБЛАСТЬ	Московская ж.д., Московско-Курское отд.		
Серебряный Бор		Пресня, Братцево	Г.МОСКВА	Московская ж.д., Московско-Курское отд.		
Серп и Молот	Серп и молот	Москва-Пассажирская-Курская, Карачарово	Г.МОСКВА	Московская ж.д., Московско-Курское отд.		
Серпухов	Серпухов	Ока, Авангард, 4 км	МОСКОВСКАЯ ОБЛАСТЬ	Московская ж.д., Московско-Курское отд.		
Серпухов-Ветка		4 км	МОСКОВСКАЯ ОБЛАСТЬ	Московская ж.д., Московско-Курское отд.		
Силикатная	Силикатная	Подольск, Щербинка	МОСКОВСКАЯ ОБЛАСТЬ	Московская ж.д., Московско-Курское отд.		
Ситенка	Ситенка	Ступино, Жилево	МОСКОВСКАЯ ОБЛАСТЬ	Московская ж.д., Московско-Курское отд.		
Соколовская	Соколовская	Загорянская, Воронок	МОСКОВСКАЯ ОБЛАСТЬ	Московская ж.д., Московско-Курское отд.		
Сотниково	Сотниково	Яганово, Колычево	МОСКОВСКАЯ ОБЛАСТЬ	Московская ж.д., Московско-Курское отд.		
Софрино	Софрино	43 км, Ашукинская, Софрино 2	МОСКОВСКАЯ ОБЛАСТЬ	Московская ж.д., Московско-Курское отд.		
Софрино 2	Софрино-2Посёлок Дальний	Софрино, Рахманово	МОСКОВСКАЯ ОБЛАСТЬ	Московская ж.д., Московско-Курское отд.		
Столбовая	Столбовая	283 км, 66 км, Колхозная, Детково	МОСКОВСКАЯ ОБЛАСТЬ	Московская ж.д., Московско-Курское отд.		
Строитель	Строитель	Мытищи, Челюскинская	МОСКОВСКАЯ ОБЛАСТЬ	Московская ж.д., Московско-Курское отд.		
Стройка	Стройка	Реутово, Горенки	МОСКОВСКАЯ ОБЛАСТЬ	Московская ж.д., Московско-Курское отд.		
Ступино	Ступино	Акри, Ситенка	МОСКОВСКАЯ ОБЛАСТЬ	Московская ж.д., Московско-Курское отд.		
Тайнинская	Тайнинская	Перловская, Мытищи	МОСКОВСКАЯ ОБЛАСТЬ	Московская ж.д., Московско-Курское отд.		
Тарасовская	Тарасовская	Челюскинская, Клязьма	МОСКОВСКАЯ ОБЛАСТЬ	Московская ж.д., Московско-Курское отд.		
Текстильщики	Текстильщики	Люблино, Калитники	Г.МОСКВА	Московская ж.д., Московско-Курское отд.		
Тесна	Тесна	Кашира-Пассажирская, Ожерелье	МОСКОВСКАЯ ОБЛАСТЬ	Московская ж.д., Московско-Курское отд.		
Топканово	Топканово	137 км, 131 км	МОСКОВСКАЯ ОБЛАСТЬ	Московская ж.д., Московско-Курское отд.		
Угрешская	ЕСР: 199515		Г.МОСКВА	Московская ж.д., Московско-Курское отд.		
Узуново	Узуново	162 км, 152 км, 7 км	МОСКОВСКАЯ ОБЛАСТЬ	Московская ж.д., Московско-Курское отд.		
Усады-Окружные	Усады-Окружные	Михнево, 312 км	МОСКОВСКАЯ ОБЛАСТЬ	Московская ж.д., Московско-Курское отд.		
Фабрика 1 Мая	Фабрика 1 Мая	Болшево, Зеленый Бор	МОСКОВСКАЯ ОБЛАСТЬ	Московская ж.д., Московско-Курское отд.		
Федоровское	Фёдоровское	Рахманово, Путилово	МОСКОВСКАЯ ОБЛАСТЬ	Московская ж.д., Московско-Курское отд.		
Фрязево	Фрязево	Есино, Казанское, Металлург, 64 км	МОСКОВСКАЯ ОБЛАСТЬ	Московская ж.д., Московско-Курское отд.		
Фрязино	Фрязино-Товарная	Детская, Фрязино-Пассажирская	МОСКОВСКАЯ ОБЛАСТЬ	Московская ж.д., Московско-Курское отд.		
Фрязино-Пассажирская	Фрязино-Пассажирская	Фрязино	МОСКОВСКАЯ ОБЛАСТЬ	Московская ж.д., Московско-Курское отд.		
Хотьково	Хотьково	Абрамцево, Семхоз	МОСКОВСКАЯ ОБЛАСТЬ	Московская ж.д., Московско-Курское отд.		
Храпуново	Храпуново	43 км, Есино	МОСКОВСКАЯ ОБЛАСТЬ	Московская ж.д., Московско-Курское отд.		
Царицыно	Царицыно	Покровское, Москворечье, Бирюлево-Товарная	Г.МОСКВА	Московская ж.д., Московско-Курское отд.		
Центральный	Центральный блок-постЦентральный блок-пост	122 км, Депо	МОСКОВСКАЯ ОБЛАСТЬ	Московская ж.д., Московско-Курское отд.		
Циолковская	Циолковская	Бахчиванджи, Осеевская	МОСКОВСКАЯ ОБЛАСТЬ	Московская ж.д., Московско-Курское отд.		
Челюскинская	Челюскинская	Строитель, Тарасовская	МОСКОВСКАЯ ОБЛАСТЬ	Московская ж.д., Московско-Курское отд.		
Чепелево	Чепелёво	Чехов, 66 км	МОСКОВСКАЯ ОБЛАСТЬ	Московская ж.д., Московско-Курское отд.		
Черкизово		Белокаменная, Лефортово	Г.МОСКВА	Московская ж.д., Московско-Курское отд.		
Черное	Чёрное	Железнодорожная, 30 км	МОСКОВСКАЯ ОБЛАСТЬ	Московская ж.д., Московско-Курское отд.		
Чертаново	Чертаново	Бирюлево-Товарная, Коломенское	Г.МОСКВА	Московская ж.д., Московско-Курское отд.		
Чехов	Чехов	Луч, Чепелево	МОСКОВСКАЯ ОБЛАСТЬ	Московская ж.д., Московско-Курское отд.		
Чкаловская		Гагаринская, Бахчиванджи	МОСКОВСКАЯ ОБЛАСТЬ	Московская ж.д., Московско-Курское отд.		
Чухлинка	ЧухлинкаЧухлинкаЧухлинка	Кусково, Карачарово	Г.МОСКВА	Московская ж.д., Московско-Курское отд.		
Шарапова Охота	Шарапова Охота	92 км, Луч	МОСКОВСКАЯ ОБЛАСТЬ	Московская ж.д., Московско-Курское отд.		
Шкинь	Шкинь	Осенка, Лесные Дары	МОСКОВСКАЯ ОБЛАСТЬ	Московская ж.д., Московско-Курское отд.		
Шматово	Шматово	Жилево, Колычево	МОСКОВСКАЯ ОБЛАСТЬ	Московская ж.д., Московско-Курское отд.		
Шубатово	Шубатово	Лесные Дары, Мякинино	МОСКОВСКАЯ ОБЛАСТЬ	Московская ж.д., Московско-Курское отд.		
Шугарево	Шугарово	85 км, Михнево	МОСКОВСКАЯ ОБЛАСТЬ	Московская ж.д., Московско-Курское отд.		
Щелково	Щёлково	Воронок, Гагаринская	МОСКОВСКАЯ ОБЛАСТЬ	Московская ж.д., Московско-Курское отд.		
Щербинка	Щербинка	Силикатная, Бутово	МОСКОВСКАЯ ОБЛАСТЬ	Московская ж.д., Московско-Курское отд.		
Электрогорск	Электрогорск	14 км	МОСКОВСКАЯ ОБЛАСТЬ	Московская ж.д., Московско-Курское отд.		
Электросталь	Электросталь	Металлург, Машиностроитель	МОСКОВСКАЯ ОБЛАСТЬ	Московская ж.д., Московско-Курское отд.		
Электроугли	Электроугли	33 км, 43 км	МОСКОВСКАЯ ОБЛАСТЬ	Московская ж.д., Московско-Курское отд.		
Яганово	Яганово	Лютик, Сотниково, 341 км	МОСКОВСКАЯ ОБЛАСТЬ	Московская ж.д., Московско-Курское отд.		
Яуза	Яуза	Маленковская, Северянин	Г.МОСКВА	Московская ж.д., Московско-Курское отд.		
113 км	113 км	Хорошево, Коломна	МОСКОВСКАЯ ОБЛАСТЬ	Московская ж.д., Московско-Рязанское отд.		
13 км		Рудниковская, Хорлово	МОСКОВСКАЯ ОБЛАСТЬ	Московская ж.д., Московско-Рязанское отд.		
132 км		Черная, Луховицы	МОСКОВСКАЯ ОБЛАСТЬ	Московская ж.д., Московско-Рязанское отд.		
142 км	142 км	Луховицы, Подлипки	МОСКОВСКАЯ ОБЛАСТЬ	Московская ж.д., Московско-Рязанское отд.		
18 км	18 км	Семеновский, Карасево	МОСКОВСКАЯ ОБЛАСТЬ	Московская ж.д., Московско-Рязанское отд.		
29 км	29 км	Пожога, БАРМИНО	МОСКОВСКАЯ ОБЛАСТЬ	Московская ж.д., Московско-Рязанское отд.		
30 км	30 км	Даниловская, 38 км	МОСКОВСКАЯ ОБЛАСТЬ	Московская ж.д., Московско-Рязанское отд.		
32 км	32 км32 км	Егорьевск 2, Ильинский Погост	МОСКОВСКАЯ ОБЛАСТЬ	Московская ж.д., Московско-Рязанское отд.		
38 км	38 км	30 км, Озеры	МОСКОВСКАЯ ОБЛАСТЬ	Московская ж.д., Московско-Рязанское отд.		
41 км	41 км	Хрипань, Донино	МОСКОВСКАЯ ОБЛАСТЬ	Московская ж.д., Московско-Рязанское отд.		
42 км	42 км	Кратово, Фабричная	МОСКОВСКАЯ ОБЛАСТЬ	Московская ж.д., Московско-Рязанское отд.		
47 км	47 км	Раменское, Совхоз	МОСКОВСКАЯ ОБЛАСТЬ	Московская ж.д., Московско-Рязанское отд.		
47 км	47 км	Сазоново, Рязановка	МОСКОВСКАЯ ОБЛАСТЬ	Московская ж.д., Московско-Рязанское отд.		
49 км	49 км	Донино, 52 км	МОСКОВСКАЯ ОБЛАСТЬ	Московская ж.д., Московско-Рязанское отд.		
52 км	52 км	49 км, Григорово	МОСКОВСКАЯ ОБЛАСТЬ	Московская ж.д., Московско-Рязанское отд.		
55 км	55 км	Григорово, Гжель	МОСКОВСКАЯ ОБЛАСТЬ	Московская ж.д., Московско-Рязанское отд.		
6 км	6 км	Бачманово, Сычово	МОСКОВСКАЯ ОБЛАСТЬ	Московская ж.д., Московско-Рязанское отд.		
63 км	63 км	Белозерский, Радуга	МОСКОВСКАЯ ОБЛАСТЬ	Московская ж.д., Московско-Рязанское отд.		
73 км	73 км	Шевлягино, Анциферово	МОСКОВСКАЯ ОБЛАСТЬ	Московская ж.д., Московско-Рязанское отд.		
8 км		Луховицы, Сарыбьево	МОСКОВСКАЯ ОБЛАСТЬ	Московская ж.д., Московско-Рязанское отд.		
88 км	88 км	Трофимово, Воскресенск	МОСКОВСКАЯ ОБЛАСТЬ	Московская ж.д., Московско-Рязанское отд.		
90 км	90 км	Куровская, 95 км	МОСКОВСКАЯ ОБЛАСТЬ	Московская ж.д., Московско-Рязанское отд.		
95 км	95 км	90 км, Авсюнино	МОСКОВСКАЯ ОБЛАСТЬ	Московская ж.д., Московско-Рязанское отд.		
Авсюнино	Авсюнино	95 км, Заполицы	МОСКОВСКАЯ ОБЛАСТЬ	Московская ж.д., Московско-Рязанское отд.		
Алпатьево	Алпатьево	Фруктовая, Слемы (Рязанская область)	МОСКОВСКАЯ ОБЛАСТЬ	Московская ж.д., Московско-Рязанское отд.		
Анциферово	Анциферово	73 км, Подосинки	МОСКОВСКАЯ ОБЛАСТЬ	Московская ж.д., Московско-Рязанское отд.		
Бармино	ЕСР: 232516		МОСКОВСКАЯ ОБЛАСТЬ	Московская ж.д., Московско-Рязанское отд.		
Бачманово	Бачманово	Голутвин, 6 км	МОСКОВСКАЯ ОБЛАСТЬ	Московская ж.д., Московско-Рязанское отд.		
Белозерский	Белоозёрская	63 км, Фаустово	МОСКОВСКАЯ ОБЛАСТЬ	Московская ж.д., Московско-Рязанское отд.		
Берендино	Берендино	Лопатино, Ильинский Погост	МОСКОВСКАЯ ОБЛАСТЬ	Московская ж.д., Московско-Рязанское отд.		
Ботино	Ботино	Шатура, Кривандино	МОСКОВСКАЯ ОБЛАСТЬ	Московская ж.д., Московско-Рязанское отд.		
Бронницы	Бронницы	Загорново, Радуга	МОСКОВСКАЯ ОБЛАСТЬ	Московская ж.д., Московско-Рязанское отд.		
Быково	Быково	Удельная, Ильинская	МОСКОВСКАЯ ОБЛАСТЬ	Московская ж.д., Московско-Рязанское отд.		
Вешняки	Вешняки	Плющево, Выхино	Г.МОСКВА	Московская ж.д., Московско-Рязанское отд.		
Виноградово	Виноградово	Золотово, Конобеево	МОСКОВСКАЯ ОБЛАСТЬ	Московская ж.д., Московско-Рязанское отд.		
Воймежный	ЕСР: 232323		МОСКОВСКАЯ ОБЛАСТЬ	Московская ж.д., Московско-Рязанское отд.		
Воймежный	Воймежный	Туголесье, Черусти	МОСКОВСКАЯ ОБЛАСТЬ	Московская ж.д., Московско-Рязанское отд.		
Воскресенск	Воскресенск	Ратмирово, 88 км, Лопатино, Хорлово, Шиферная	МОСКОВСКАЯ ОБЛАСТЬ	Московская ж.д., Московско-Рязанское отд.		
Выхино	Выхино	Вешняки, Косино	Г.МОСКВА	Московская ж.д., Московско-Рязанское отд.		
Вялки	Вялки	Родники, Хрипань	МОСКОВСКАЯ ОБЛАСТЬ	Московская ж.д., Московско-Рязанское отд.		
Гжель	Гжель	Игнатьево, 55 км	МОСКОВСКАЯ ОБЛАСТЬ	Московская ж.д., Московско-Рязанское отд.		
Голутвин	Голутвин	Коломна, Бачманово, Щурово	МОСКОВСКАЯ ОБЛАСТЬ	Московская ж.д., Московско-Рязанское отд.		
Григорово	Григорово	52 км, 55 км	МОСКОВСКАЯ ОБЛАСТЬ	Московская ж.д., Московско-Рязанское отд.		
Давыдово	Давыдово	Руново, Куровская, Нерская	МОСКОВСКАЯ ОБЛАСТЬ	Московская ж.д., Московско-Рязанское отд.		
Даниловская	Даниловская	Кудрявцево, 30 км	МОСКОВСКАЯ ОБЛАСТЬ	Московская ж.д., Московско-Рязанское отд.		
Дзержинская		Яничкино	МОСКОВСКАЯ ОБЛАСТЬ	Московская ж.д., Московско-Рязанское отд.		
Донино	Донино	41 км, 49 км	МОСКОВСКАЯ ОБЛАСТЬ	Московская ж.д., Московско-Рязанское отд.		
Егорьевск 1		Егорьевск 2	МОСКОВСКАЯ ОБЛАСТЬ	Московская ж.д., Московско-Рязанское отд.		
Егорьевск 2	Егорьевск II	32 км, Рудниковская, Егорьевск 1	МОСКОВСКАЯ ОБЛАСТЬ	Московская ж.д., Московско-Рязанское отд.		
Загорново	Загорново	Совхоз, Бронницы	МОСКОВСКАЯ ОБЛАСТЬ	Московская ж.д., Московско-Рязанское отд.		
Заполицы	Заполицы	Авсюнино, Запутная	МОСКОВСКАЯ ОБЛАСТЬ	Московская ж.д., Московско-Рязанское отд.		
Запутная	Запутная	Заполицы, Шатурторф	МОСКОВСКАЯ ОБЛАСТЬ	Московская ж.д., Московско-Рязанское отд.		
Зарайск		Прудки	МОСКОВСКАЯ ОБЛАСТЬ	Московская ж.д., Московско-Рязанское отд.		
Золотово	Золотово	Фаустово, Виноградово	МОСКОВСКАЯ ОБЛАСТЬ	Московская ж.д., Московско-Рязанское отд.		
Игнатьево	Игнатьево	Гжель, Кузяево	МОСКОВСКАЯ ОБЛАСТЬ	Московская ж.д., Московско-Рязанское отд.		
Ильинская	Ильинская	Быково, Отдых	МОСКОВСКАЯ ОБЛАСТЬ	Московская ж.д., Московско-Рязанское отд.		
Ильинский Погост	Ильинский Погост	Нерская, 32 км, Берендино	МОСКОВСКАЯ ОБЛАСТЬ	Московская ж.д., Московско-Рязанское отд.		
Карасево	Карасёво	18 км, Кудрявцево	МОСКОВСКАЯ ОБЛАСТЬ	Московская ж.д., Московско-Рязанское отд.		
Коломна	Коломна	113 км, Голутвин	МОСКОВСКАЯ ОБЛАСТЬ	Московская ж.д., Московско-Рязанское отд.		
Конев Бор	Конев Бор	Пески, Хорошево	МОСКОВСКАЯ ОБЛАСТЬ	Московская ж.д., Московско-Рязанское отд.		
Конобеево	Конобеево	Виноградово, Трофимово	МОСКОВСКАЯ ОБЛАСТЬ	Московская ж.д., Московско-Рязанское отд.		
Коренево	Коренёво	Люберцы 2, Овражки	МОСКОВСКАЯ ОБЛАСТЬ	Московская ж.д., Московско-Рязанское отд.		
Косино	КосиноКосино	Выхино, Ухтомская	МОСКОВСКАЯ ОБЛАСТЬ	Московская ж.д., Московско-Рязанское отд.		
Красково	Красково	Томилино, Малаховка	МОСКОВСКАЯ ОБЛАСТЬ	Московская ж.д., Московско-Рязанское отд.		
Кратово	Кратово	Отдых, 42 км	МОСКОВСКАЯ ОБЛАСТЬ	Московская ж.д., Московско-Рязанское отд.		
Кривандино	Кривандино	Ботино, Туголесье, Осаново	МОСКОВСКАЯ ОБЛАСТЬ	Московская ж.д., Московско-Рязанское отд.		
Кудрявцево	Кудрявцево	Карасево, Даниловская	МОСКОВСКАЯ ОБЛАСТЬ	Московская ж.д., Московско-Рязанское отд.		
Кузяево	Кузяево	Игнатьево, Шевлягино	МОСКОВСКАЯ ОБЛАСТЬ	Московская ж.д., Московско-Рязанское отд.		
Куровская	Куровская	Подосинки, Давыдово, Нерская, 90 км	МОСКОВСКАЯ ОБЛАСТЬ	Московская ж.д., Московско-Рязанское отд.		
Лопатино	Лопатино	Берендино, Воскресенск	МОСКОВСКАЯ ОБЛАСТЬ	Московская ж.д., Московско-Рязанское отд.		
Луховицы	Луховицы	132 км, 142 км, 8 км	МОСКОВСКАЯ ОБЛАСТЬ	Московская ж.д., Московско-Рязанское отд.		
Лысцовская	Лысцовская	Сычово, Семеновский	МОСКОВСКАЯ ОБЛАСТЬ	Московская ж.д., Московско-Рязанское отд.		
Люберцы 1	Люберцы I	Ухтомская, Панки, Люберцы 2	МОСКОВСКАЯ ОБЛАСТЬ	Московская ж.д., Московско-Рязанское отд.		
Люберцы 2	Люберцы II	Люберцы 1, Коренево, Мальчики	МОСКОВСКАЯ ОБЛАСТЬ	Московская ж.д., Московско-Рязанское отд.		
Малаховка	Малаховка	Красково, Удельная	МОСКОВСКАЯ ОБЛАСТЬ	Московская ж.д., Московско-Рязанское отд.		
Мальчики		Люберцы 2, Яничкино	МОСКОВСКАЯ ОБЛАСТЬ	Московская ж.д., Московско-Рязанское отд.		
Мельгуново		Сарыбьево, Прудки	МОСКОВСКАЯ ОБЛАСТЬ	Московская ж.д., Московско-Рязанское отд.		
Москва 2 - Митьково		Москва-Товарная-Рязанская, Николаевка	Г.МОСКВА	Московская ж.д., Московско-Рязанское отд.		
Москва-Пассажирская-Казанская	Москва-Пассажирская-Казанская	Москва-Товарная-Рязанская	Г.МОСКВА	Московская ж.д., Московско-Рязанское отд.		
Москва-Товарная-Рязанская		Москва-Пассажирская-Казанская, Электрозаводская, Москва 2 - Митьково	Г.МОСКВА	Московская ж.д., Московско-Рязанское отд.		
Москворецкая	Москворецкая	Шиферная, Цемгигант	МОСКОВСКАЯ ОБЛАСТЬ	Московская ж.д., Московско-Рязанское отд.		
Непецино	Непецино	Ратчино, Осенка	МОСКОВСКАЯ ОБЛАСТЬ	Московская ж.д., Московско-Рязанское отд.		
Нерская	Нерская	Давыдово, Куровская, Ильинский Погост	МОСКОВСКАЯ ОБЛАСТЬ	Московская ж.д., Московско-Рязанское отд.		
Николаевка		Москва 2 - Митьково	Г.МОСКВА	Московская ж.д., Московско-Рязанское отд.		
Новая	Новая	Фрезер, Сортировочная	Г.МОСКВА	Московская ж.д., Московско-Рязанское отд.		
Овражки	Овражки	Коренево, Родники	МОСКОВСКАЯ ОБЛАСТЬ	Московская ж.д., Московско-Рязанское отд.		
Озеры	Озёры	38 км	МОСКОВСКАЯ ОБЛАСТЬ	Московская ж.д., Московско-Рязанское отд.		
Осаново	Осаново	Кривандино, Пожога	МОСКОВСКАЯ ОБЛАСТЬ	Московская ж.д., Московско-Рязанское отд.		
Отдых	Отдых	Ильинская, Кратово	МОСКОВСКАЯ ОБЛАСТЬ	Московская ж.д., Московско-Рязанское отд.		
Панки	Панки	Люберцы 1, Томилино	МОСКОВСКАЯ ОБЛАСТЬ	Московская ж.д., Московско-Рязанское отд.		
Перово	Перово	Кусково, Плющево, Фрезер	Г.МОСКВА	Московская ж.д., Московско-Рязанское отд.		
Перочи		Щурово, Черная	МОСКОВСКАЯ ОБЛАСТЬ	Московская ж.д., Московско-Рязанское отд.		
Пески	Пески	Цемгигант, Конев Бор	МОСКОВСКАЯ ОБЛАСТЬ	Московская ж.д., Московско-Рязанское отд.		
Плющево	Плющево	Перово, Вешняки	Г.МОСКВА	Московская ж.д., Московско-Рязанское отд.		
Подлипки	Подлипки	142 км, Фруктовая	МОСКОВСКАЯ ОБЛАСТЬ	Московская ж.д., Московско-Рязанское отд.		
Подосинки	Подосинки	Анциферово, Куровская	МОСКОВСКАЯ ОБЛАСТЬ	Московская ж.д., Московско-Рязанское отд.		
Пожога	Пожога	29 км, Осаново	МОСКОВСКАЯ ОБЛАСТЬ	Московская ж.д., Московско-Рязанское отд.		
Прудки		Мельгуново, Зарайск	МОСКОВСКАЯ ОБЛАСТЬ	Московская ж.д., Московско-Рязанское отд.		
Радуга	Радуга	Бронницы, 63 км	МОСКОВСКАЯ ОБЛАСТЬ	Московская ж.д., Московско-Рязанское отд.		
Раменское	Раменское	Фабричная, 47 км	МОСКОВСКАЯ ОБЛАСТЬ	Московская ж.д., Московско-Рязанское отд.		
Ратмирово	Ратмирово	Ратчино, Воскресенск	МОСКОВСКАЯ ОБЛАСТЬ	Московская ж.д., Московско-Рязанское отд.		
Ратчино		Непецино, Ратмирово	МОСКОВСКАЯ ОБЛАСТЬ	Московская ж.д., Московско-Рязанское отд.		
Родники	Родники	Овражки, Вялки	МОСКОВСКАЯ ОБЛАСТЬ	Московская ж.д., Московско-Рязанское отд.		
Рудниковская	Рудниковская	Егорьевск 2, 13 км	МОСКОВСКАЯ ОБЛАСТЬ	Московская ж.д., Московско-Рязанское отд.		
Руново		Дулево, Давыдово	МОСКОВСКАЯ ОБЛАСТЬ	Московская ж.д., Московско-Рязанское отд.		
Рязановка	Рязановка	47 км	МОСКОВСКАЯ ОБЛАСТЬ	Московская ж.д., Московско-Рязанское отд.		
Сазоново	Сазоново	БАРМИНО, 47 км, Сороковой Бор (Рязанская область)	МОСКОВСКАЯ ОБЛАСТЬ	Московская ж.д., Московско-Рязанское отд.		
САЗОНОВО	ЕСР: 232605		МОСКОВСКАЯ ОБЛАСТЬ	Московская ж.д., Московско-Рязанское отд.		
Сарыбьево		8 км, Мельгуново	МОСКОВСКАЯ ОБЛАСТЬ	Московская ж.д., Московско-Рязанское отд.		
Семеновский	Семеновский	Лысцовская, 18 км	МОСКОВСКАЯ ОБЛАСТЬ	Московская ж.д., Московско-Рязанское отд.		
Совхоз	Совхоз	47 км, Загорново	МОСКОВСКАЯ ОБЛАСТЬ	Московская ж.д., Московско-Рязанское отд.		
Сортировочная	Сортировочная	Новая, Электрозаводская	Г.МОСКВА	Московская ж.д., Московско-Рязанское отд.		
Сычово	Сычёво	6 км, Лысцовская	МОСКОВСКАЯ ОБЛАСТЬ	Московская ж.д., Московско-Рязанское отд.		
Томилино	Томилино	Панки, Красково	МОСКОВСКАЯ ОБЛАСТЬ	Московская ж.д., Московско-Рязанское отд.		
Трофимово	Трофимово	Конобеево, 88 км		Московская ж.д., Московско-Рязанское отд.		
Туголесье	Туголесье	Кривандино, Воймежный	МОСКОВСКАЯ ОБЛАСТЬ	Московская ж.д., Московско-Рязанское отд.		
Удельная	Удельная	Малаховка, Быково	МОСКОВСКАЯ ОБЛАСТЬ	Московская ж.д., Московско-Рязанское отд.		
Ухтомская	Ухтомская	Косино, Люберцы 1	МОСКОВСКАЯ ОБЛАСТЬ	Московская ж.д., Московско-Рязанское отд.		
Фабричная	Фабричная	42 км, Раменское	МОСКОВСКАЯ ОБЛАСТЬ	Московская ж.д., Московско-Рязанское отд.		
Фаустово	Фаустово	Белозерский, Золотово	МОСКОВСКАЯ ОБЛАСТЬ	Московская ж.д., Московско-Рязанское отд.		
Фрезер	Фрезер	Перово, Новая	Г.МОСКВА	Московская ж.д., Московско-Рязанское отд.		
Фруктовая	Фруктовая	Подлипки, Алпатьево	МОСКОВСКАЯ ОБЛАСТЬ	Московская ж.д., Московско-Рязанское отд.		
Хорлово	Хорлово	13 км, Воскресенск	МОСКОВСКАЯ ОБЛАСТЬ	Московская ж.д., Московско-Рязанское отд.		
Хорошево	Хорошово	Конев Бор, 113 км	МОСКОВСКАЯ ОБЛАСТЬ	Московская ж.д., Московско-Рязанское отд.		
Хрипань	Хрипань	Вялки, 41 км	МОСКОВСКАЯ ОБЛАСТЬ	Московская ж.д., Московско-Рязанское отд.		
Цемгигант	Цемгигант	Москворецкая, Пески	МОСКОВСКАЯ ОБЛАСТЬ	Московская ж.д., Московско-Рязанское отд.		
Черная	Чёрная	Перочи, 132 км	МОСКОВСКАЯ ОБЛАСТЬ	Московская ж.д., Московско-Рязанское отд.		
Черусти	Черусти	Воймежный, Струя	МОСКОВСКАЯ ОБЛАСТЬ	Московская ж.д., Московско-Рязанское отд.		
ЧЕРУСТИ САИПС	ЕСР: 233106		МОСКОВСКАЯ ОБЛАСТЬ	Московская ж.д., Московско-Рязанское отд.		
Шатура	Шатура	Шатурторф, Ботино	МОСКОВСКАЯ ОБЛАСТЬ	Московская ж.д., Московско-Рязанское отд.		
Шатурторф	Шатурторф	Запутная, Шатура	МОСКОВСКАЯ ОБЛАСТЬ	Московская ж.д., Московско-Рязанское отд.		
ШАТУРТОРФ	ЕСР: 232003		МОСКОВСКАЯ ОБЛАСТЬ	Московская ж.д., Московско-Рязанское отд.		
Шевлягино	Шевлягино	Кузяево, 73 км	МОСКОВСКАЯ ОБЛАСТЬ	Московская ж.д., Московско-Рязанское отд.		
Шиферная	Шиферная	Воскресенск, Москворецкая	МОСКОВСКАЯ ОБЛАСТЬ	Московская ж.д., Московско-Рязанское отд.		
Щурово	Щурово	Голутвин, Перочи	МОСКОВСКАЯ ОБЛАСТЬ	Московская ж.д., Московско-Рязанское отд.		
Электрозаводская	Электрозаводская	Москва-Товарная-Рязанская, Сортировочная	Г.МОСКВА	Московская ж.д., Московско-Рязанское отд.		
Яничкино		Мальчики, Дзержинская	МОСКОВСКАЯ ОБЛАСТЬ	Московская ж.д., Московско-Рязанское отд.		
109 км	109 км	Кукаринская, Можайск	МОСКОВСКАЯ ОБЛАСТЬ	Московская ж.д., Московско-Смоленское отд.		
109 км	109 км	Икша, Белый Раст	МОСКОВСКАЯ ОБЛАСТЬ	Московская ж.д., Московско-Смоленское отд.		
115 км	116 км	Белый Раст, 120 км	МОСКОВСКАЯ ОБЛАСТЬ	Московская ж.д., Московско-Смоленское отд.		
119 км	119 км	Мельдино, 122 км	МОСКОВСКАЯ ОБЛАСТЬ	Московская ж.д., Московско-Смоленское отд.		
120 км	120 км	115 км, Бухарово	МОСКОВСКАЯ ОБЛАСТЬ	Московская ж.д., Московско-Смоленское отд.		
122 км	Карманово	119 км, Большая Волга	МОСКОВСКАЯ ОБЛАСТЬ	Московская ж.д., Московско-Смоленское отд.		
128 км	128 км	Бухарово, 136 км	МОСКОВСКАЯ ОБЛАСТЬ	Московская ж.д., Московско-Смоленское отд.		
133 км	133 км	Волоколамск, Благовещенское	МОСКОВСКАЯ ОБЛАСТЬ	Московская ж.д., Московско-Смоленское отд.		
136 км		128 км, Поварово 2	МОСКОВСКАЯ ОБЛАСТЬ	Московская ж.д., Московско-Смоленское отд.		
141 км	141 км	Благовещенское, Бухолово	МОСКОВСКАЯ ОБЛАСТЬ	Московская ж.д., Московско-Смоленское отд.		
142 км	142 км	Поварово 3, Поварово 2	МОСКОВСКАЯ ОБЛАСТЬ	Московская ж.д., Московско-Смоленское отд.		
149 км	149 км	Бухолово, Шаховская	МОСКОВСКАЯ ОБЛАСТЬ	Московская ж.д., Московско-Смоленское отд.		
155 км	155 км	159 км, Жилино	МОСКОВСКАЯ ОБЛАСТЬ	Московская ж.д., Московско-Смоленское отд.		
159 км	159 км	Манихино 2, 155 км	МОСКОВСКАЯ ОБЛАСТЬ	Московская ж.д., Московско-Смоленское отд.		
165 км	165 км165 км	Манихино 2, Лукино	МОСКОВСКАЯ ОБЛАСТЬ	Московская ж.д., Московско-Смоленское отд.		
174 км	174 км	Лукино, 177 км	МОСКОВСКАЯ ОБЛАСТЬ	Московская ж.д., Московско-Смоленское отд.		
177 км	177 км	183 км, 174 км	МОСКОВСКАЯ ОБЛАСТЬ	Московская ж.д., Московско-Смоленское отд.		
183 км	183 км	177 км, Дюдьково	МОСКОВСКАЯ ОБЛАСТЬ	Московская ж.д., Московско-Смоленское отд.		
189 км	190 км	Дюдьково, 191 км	МОСКОВСКАЯ ОБЛАСТЬ	Московская ж.д., Московско-Смоленское отд.		
191 км	192 км	189 км, Ястребки	МОСКОВСКАЯ ОБЛАСТЬ	Московская ж.д., Московско-Смоленское отд.		
198 км	199 км	Кубинка 2, Ястребки	МОСКОВСКАЯ ОБЛАСТЬ	Московская ж.д., Московско-Смоленское отд.		
211 км	211 км	214 км, Кубинка 1		Московская ж.д., Московско-Смоленское отд.		
214 км	214 км	АКУЛОВО, 211 км	МОСКОВСКАЯ ОБЛАСТЬ	Московская ж.д., Московско-Смоленское отд.		
221 км	221 км	Пожитково, АКУЛОВО	МОСКОВСКАЯ ОБЛАСТЬ	Московская ж.д., Московско-Смоленское отд.		
240 км	240 км	Бекасово-Центральное, 241 км	МОСКОВСКАЯ ОБЛАСТЬ	Московская ж.д., Московско-Смоленское отд.		
241 км	241 км	Мачихино, 240 км	МОСКОВСКАЯ ОБЛАСТЬ	Московская ж.д., Московско-Смоленское отд.		
250 км	250 км	252 км, Мачихино	МОСКОВСКАЯ ОБЛАСТЬ	Московская ж.д., Московско-Смоленское отд.		
252 км	252 км	Кресты, 250 км	МОСКОВСКАЯ ОБЛАСТЬ	Московская ж.д., Московско-Смоленское отд.		
274 км	274 км	Вяткино, Чернецкое	МОСКОВСКАЯ ОБЛАСТЬ	Московская ж.д., Московско-Смоленское отд.		
283 км	283 км.	Сандарово, Столбовая	МОСКОВСКАЯ ОБЛАСТЬ	Московская ж.д., Московско-Смоленское отд.		
50 км	50 км	Снегири, Манихино 1	МОСКОВСКАЯ ОБЛАСТЬ	Московская ж.д., Московско-Смоленское отд.		
69 км	68 км	Костино, 71 км	МОСКОВСКАЯ ОБЛАСТЬ	Московская ж.д., Московско-Смоленское отд.		
71 км	71 км	74 км, 69 км	МОСКОВСКАЯ ОБЛАСТЬ	Московская ж.д., Московско-Смоленское отд.		
73 км	73 км	Холщевики, Ядрошино	МОСКОВСКАЯ ОБЛАСТЬ	Московская ж.д., Московско-Смоленское отд.		
74 км	74 км	Драчево, 71 км	МОСКОВСКАЯ ОБЛАСТЬ	Московская ж.д., Московско-Смоленское отд.		
75 км	75 км	Каналстрой, Орудьево	МОСКОВСКАЯ ОБЛАСТЬ	Московская ж.д., Московско-Смоленское отд.		
80 км	80 км	Иванцево, Драчево	МОСКОВСКАЯ ОБЛАСТЬ	Московская ж.д., Московско-Смоленское отд.		
87 км		Яхрома, Иванцево, Дмитров	МОСКОВСКАЯ ОБЛАСТЬ	Московская ж.д., Московско-Смоленское отд.		
91 км	91 км	Устиновка, Лесодолгоруково	МОСКОВСКАЯ ОБЛАСТЬ	Московская ж.д., Московско-Смоленское отд.		
94 км	94 км	Вербилки, Власово	МОСКОВСКАЯ ОБЛАСТЬ	Московская ж.д., Московско-Смоленское отд.		
Алабино	Алабино	Дачная, Селятино	МОСКОВСКАЯ ОБЛАСТЬ	Московская ж.д., Московско-Смоленское отд.		
Аникеевка	Аникеевка	Опалиха, Нахабино	МОСКОВСКАЯ ОБЛАСТЬ	Московская ж.д., Московско-Смоленское отд.		
Апрелевка	Апрелевка	Победа, Дачная	МОСКОВСКАЯ ОБЛАСТЬ	Московская ж.д., Московско-Смоленское отд.		
Аэропорт	Аэропорт	Лесной Городок	МОСКОВСКАЯ ОБЛАСТЬ	Московская ж.д., Московско-Смоленское отд.		
Баковка	Баковка	Трехгорка, Одинцово	МОСКОВСКАЯ ОБЛАСТЬ	Московская ж.д., Московско-Смоленское отд.		
Барвиха	Барвиха	Раздоры, Ильинское	МОСКОВСКАЯ ОБЛАСТЬ	Московская ж.д., Московско-Смоленское отд.		
Башкино	Башкино	Латышская, Ворсино (Калужская область)	МОСКОВСКАЯ ОБЛАСТЬ	Московская ж.д., Московско-Смоленское отд.		
Беговая	Беговая	Тестовская, Москва-Пассажирская-Смоленская	Г.МОСКВА	Московская ж.д., Московско-Смоленское отд.		
Бекасово 1	Бекасово I	Поселок Киевский, Зосимова Пустынь, Пожитково, Ожигово	МОСКОВСКАЯ ОБЛАСТЬ	Московская ж.д., Московско-Смоленское отд.		
Бекасово-Сортировочное	Бекасово-Сортировочное	Поселок Киевский, Бекасово-Центральное	МОСКОВСКАЯ ОБЛАСТЬ	Московская ж.д., Московско-Смоленское отд.		
БЕКАСОВО-СОРТИРОВОЧНОЕ-Н	ЕСР: 180006		МОСКОВСКАЯ ОБЛАСТЬ	Московская ж.д., Московско-Смоленское отд.		
Бекасово-Центральное	Бекасово-Центральное	Бекасово-Сортировочное, 240 км	МОСКОВСКАЯ ОБЛАСТЬ	Московская ж.д., Московско-Смоленское отд.		
Белый Раст	Белый Раст	109 км, 115 км	МОСКОВСКАЯ ОБЛАСТЬ	Московская ж.д., Московско-Смоленское отд.		
Бескудниково	Бескудниково	Лианозово, Дегунино	Г.МОСКВА	Московская ж.д., Московско-Смоленское отд.		
Благовещенское	Благовещенское	133 км, 141 км	МОСКОВСКАЯ ОБЛАСТЬ	Московская ж.д., Московско-Смоленское отд.		
Большая Волга	Большая Волга	122 км, Дубна	МОСКОВСКАЯ ОБЛАСТЬ	Московская ж.д., Московско-Смоленское отд.		
Большая Волга эксп.	ЕСР: 239002		МОСКОВСКАЯ ОБЛАСТЬ	Московская ж.д., Московско-Смоленское отд.		
Бухарово	Бухарово	120 км, 128 км	МОСКОВСКАЯ ОБЛАСТЬ	Московская ж.д., Московско-Смоленское отд.		
Бухолово	Бухолово	141 км, 149 км	МОСКОВСКАЯ ОБЛАСТЬ	Московская ж.д., Московско-Смоленское отд.		
Вербилки	Вербилки	Орудьево, 94 км, Соревнование	МОСКОВСКАЯ ОБЛАСТЬ	Московская ж.д., Московско-Смоленское отд.		
Власово	Власово	94 км, Талдом-Савеловский	МОСКОВСКАЯ ОБЛАСТЬ	Московская ж.д., Московско-Смоленское отд.		
Внуково	ВнуковоАэропорт Внуково	Мичуринец, Лесной Городок	МОСКОВСКАЯ ОБЛАСТЬ	Московская ж.д., Московско-Смоленское отд.		
Водники	Водники	Долгопрудная, Хлебниково	МОСКОВСКАЯ ОБЛАСТЬ	Московская ж.д., Московско-Смоленское отд.		
Волоколамск	Волоколамск	Дубосеково, 133 км	МОСКОВСКАЯ ОБЛАСТЬ	Московская ж.д., Московско-Смоленское отд.		
Вяткино	Вяткино	Сандарово, 274 км	МОСКОВСКАЯ ОБЛАСТЬ	Московская ж.д., Московско-Смоленское отд.		
Голицыно	Голицыно	Малая Вязема, Сушкинская, Захарово	МОСКОВСКАЯ ОБЛАСТЬ	Московская ж.д., Московско-Смоленское отд.		
Гражданская	Гражданская	Дмитровская, Красный Балтиец, Подмосковная	Г.МОСКВА	Московская ж.д., Московско-Смоленское отд.		
Дачная	Дачная	Апрелевка, Алабино	МОСКОВСКАЯ ОБЛАСТЬ	Московская ж.д., Московско-Смоленское отд.		
Дачное	Дачное	Жаворонки, Малая Вязема	МОСКОВСКАЯ ОБЛАСТЬ	Московская ж.д., Московско-Смоленское отд.		
Дегунино	Дегунино	Бескудниково, Окружная	Г.МОСКВА	Московская ж.д., Московско-Смоленское отд.		
Дедовск	Дедовск	Малиновка, Миитовская	МОСКОВСКАЯ ОБЛАСТЬ	Московская ж.д., Московско-Смоленское отд.		
Депо	ДепоДепо	Жилино, Поварово 3	МОСКОВСКАЯ ОБЛАСТЬ	Московская ж.д., Московско-Смоленское отд.		
Депо	Депо	Лобня, Луговая	МОСКОВСКАЯ ОБЛАСТЬ	Московская ж.д., Московско-Смоленское отд.		
Дмитров	Дмитров	Яхрома, 87 км, Каналстрой	МОСКОВСКАЯ ОБЛАСТЬ	Московская ж.д., Московско-Смоленское отд.		
Дмитров (перев.)	ЕСР: 238404	Яхрома, Дмитров	МОСКОВСКАЯ ОБЛАСТЬ	Московская ж.д., Московско-Смоленское отд.		
Дмитровская	Дмитровская	Ржевская, МОСКВА-РИЖСКАЯ, Гражданская	Г.МОСКВА	Московская ж.д., Московско-Смоленское отд.		
Долгопрудная	Долгопрудная	Новодачная, Водники	МОСКОВСКАЯ ОБЛАСТЬ	Московская ж.д., Московско-Смоленское отд.		
Дорохово	Дорохово	Садовая, Партизанская	МОСКОВСКАЯ ОБЛАСТЬ	Московская ж.д., Московско-Смоленское отд.		
Драчево	Драчёво	80 км, 74 км	МОСКОВСКАЯ ОБЛАСТЬ	Московская ж.д., Московско-Смоленское отд.		
Дубна	Дубна	Большая Волга	МОСКОВСКАЯ ОБЛАСТЬ	Московская ж.д., Московско-Смоленское отд.		
Дубосеково	Дубосеково	Матренино, Волоколамск	МОСКОВСКАЯ ОБЛАСТЬ	Московская ж.д., Московско-Смоленское отд.		
Дюдьково	Дюдьково	183 км, 189 км	МОСКОВСКАЯ ОБЛАСТЬ	Московская ж.д., Московско-Смоленское отд.		
Жаворонки	Жаворонки	Здравница, Дачное	МОСКОВСКАЯ ОБЛАСТЬ	Московская ж.д., Московско-Смоленское отд.		
Жилино	Жилино	155 км, Депо	МОСКОВСКАЯ ОБЛАСТЬ	Московская ж.д., Московско-Смоленское отд.		
Запрудная	Запрудня	Соревнование, Темпы	МОСКОВСКАЯ ОБЛАСТЬ	Московская ж.д., Московско-Смоленское отд.		
Захарово	Захарово	Голицыно, Хлюпино	МОСКОВСКАЯ ОБЛАСТЬ	Московская ж.д., Московско-Смоленское отд.		
Звенигород	Звенигород	Скоротово	МОСКОВСКАЯ ОБЛАСТЬ	Московская ж.д., Московско-Смоленское отд.		
Здравница	Здравница	Перхушково, Жаворонки	МОСКОВСКАЯ ОБЛАСТЬ	Московская ж.д., Московско-Смоленское отд.		
Зосимова Пустынь	Зосимова Пустынь	Бекасово 1, Нара	МОСКОВСКАЯ ОБЛАСТЬ	Московская ж.д., Московско-Смоленское отд.		
Иванцево	Иванцево	87 км, 80 км	МОСКОВСКАЯ ОБЛАСТЬ	Московская ж.д., Московско-Смоленское отд.		
Икша	Икша	Трудовая, Морозки, 109 км	МОСКОВСКАЯ ОБЛАСТЬ	Московская ж.д., Московско-Смоленское отд.		
Ильинское	Ильинское	Барвиха, Усово	МОСКОВСКАЯ ОБЛАСТЬ	Московская ж.д., Московско-Смоленское отд.		
Исаково		Парковая, Озерки	МОСКОВСКАЯ ОБЛАСТЬ	Московская ж.д., Московско-Смоленское отд.		
Истра	Истра	Новоиерусалимская, Троицкая	МОСКОВСКАЯ ОБЛАСТЬ	Московская ж.д., Московско-Смоленское отд.		
Каналстрой	Каналстрой	Дмитров, 75 км	МОСКОВСКАЯ ОБЛАСТЬ	Московская ж.д., Московско-Смоленское отд.		
Катуар	Катуар	Некрасовская, Трудовая	МОСКОВСКАЯ ОБЛАСТЬ	Московская ж.д., Московско-Смоленское отд.		
Кокошкино	Кокошкино	Толстопальцево, Крекшино	МОСКОВСКАЯ ОБЛАСТЬ	Московская ж.д., Московско-Смоленское отд.		
Красногорская	Красногорская	Павшино, Опалиха	МОСКОВСКАЯ ОБЛАСТЬ	Московская ж.д., Московско-Смоленское отд.		
Красный Балтиец	Красный Балтиец	Гражданская, Ленинградская	Г.МОСКВА	Московская ж.д., Московско-Смоленское отд.		
Крекшино	Крёкшино	Кокошкино, Победа	МОСКОВСКАЯ ОБЛАСТЬ	Московская ж.д., Московско-Смоленское отд.		
Кресты	Кресты	Новогромово, 252 км	МОСКОВСКАЯ ОБЛАСТЬ	Московская ж.д., Московско-Смоленское отд.		
Кубинка 1	Кубинка I	Портновская, Чапаевка, 211 км, Кубинка 2	МОСКОВСКАЯ ОБЛАСТЬ	Московская ж.д., Московско-Смоленское отд.		
Кубинка 2	Кубинка II	Кубинка 1, 198 км	МОСКОВСКАЯ ОБЛАСТЬ	Московская ж.д., Московско-Смоленское отд.		
Кукаринская	Кукаринская	Шаликово, 109 км	МОСКОВСКАЯ ОБЛАСТЬ	Московская ж.д., Московско-Смоленское отд.		
Кунцево 1	Кунцево I	Фили, Рабочий Поселок, Кунцево 2	Г.МОСКВА	Московская ж.д., Московско-Смоленское отд.		
Кунцево 2	Кунцево II	Кунцево 1, Ромашково	Г.МОСКВА	Московская ж.д., Московско-Смоленское отд.		
Курсаковская	Курсаковская	Ядрошино, Румянцево	МОСКОВСКАЯ ОБЛАСТЬ	Московская ж.д., Московско-Смоленское отд.		
Латышская	Латышская	Нара, Башкино	МОСКОВСКАЯ ОБЛАСТЬ	Московская ж.д., Московско-Смоленское отд.		
Лебзино	Лебзино	Талдом-Савеловский, 124 км (Тверская область)	МОСКОВСКАЯ ОБЛАСТЬ	Московская ж.д., Московско-Смоленское отд.		
Ленинградская	Ленинградская	Красный Балтиец, Покровско-Стрешнево	Г.МОСКВА	Московская ж.д., Московско-Смоленское отд.		
Лесной Городок	Лесной Городок	Внуково, Аэропорт, Толстопальцево	МОСКОВСКАЯ ОБЛАСТЬ	Московская ж.д., Московско-Смоленское отд.		
Лесодолгоруково	Лесодолгоруково	91 км, Чисмена	МОСКОВСКАЯ ОБЛАСТЬ	Московская ж.д., Московско-Смоленское отд.		
Лианозово	Лианозово	Бескудниково, Марк	Г.МОСКВА	Московская ж.д., Московско-Смоленское отд.		
Лобня	Лобня	Шереметьевская, Депо	МОСКОВСКАЯ ОБЛАСТЬ	Московская ж.д., Московско-Смоленское отд.		
Луговая	Луговая	Депо, Некрасовская	МОСКОВСКАЯ ОБЛАСТЬ	Московская ж.д., Московско-Смоленское отд.		
Лукино	Лукино	165 км, 174 км	МОСКОВСКАЯ ОБЛАСТЬ	Московская ж.д., Московско-Смоленское отд.		
Малая Вязема	Малые Вязёмы	Дачное, Голицыно	МОСКОВСКАЯ ОБЛАСТЬ	Московская ж.д., Московско-Смоленское отд.		
Малиновка	Малиновка	Нахабино, Дедовск	МОСКОВСКАЯ ОБЛАСТЬ	Московская ж.д., Московско-Смоленское отд.		
Манихино 1	Манихино I	50 км, Манихино 2, Троицкая	МОСКОВСКАЯ ОБЛАСТЬ	Московская ж.д., Московско-Смоленское отд.		
Манихино 2	Манихино II	Манихино 1, 159 км, 165 км	МОСКОВСКАЯ ОБЛАСТЬ	Московская ж.д., Московско-Смоленское отд.		
Марк	Марк	Лианозово, Новодачная	Г.МОСКВА	Московская ж.д., Московско-Смоленское отд.		
Матвеевское	Матвеевская	Очаково 1, Москва-Сортировочная-Киевская	Г.МОСКВА	Московская ж.д., Московско-Смоленское отд.		
Матренино	Матрёнино	Чисмена, Дубосеково	МОСКОВСКАЯ ОБЛАСТЬ	Московская ж.д., Московско-Смоленское отд.		
Мачихино	Мачихино	241 км, 250 км	МОСКОВСКАЯ ОБЛАСТЬ	Московская ж.д., Московско-Смоленское отд.		
Мельдино	Мельдино	Темпы, 119 км	МОСКОВСКАЯ ОБЛАСТЬ	Московская ж.д., Московско-Смоленское отд.		
Миитовская	Миитовская	Дедовск, Снегири	МОСКОВСКАЯ ОБЛАСТЬ	Московская ж.д., Московско-Смоленское отд.		
Мичуринец	Мичуринец	Переделкино, Внуково	МОСКОВСКАЯ ОБЛАСТЬ	Московская ж.д., Московско-Смоленское отд.		
Можайск	Можайск	Бородино, 109 км	МОСКОВСКАЯ ОБЛАСТЬ	Московская ж.д., Московско-Смоленское отд.		
Морозки	Морозки	Икша, Турист	МОСКОВСКАЯ ОБЛАСТЬ	Московская ж.д., Московско-Смоленское отд.		
Москва-Бутырская	Москва-Бутырская	Тимирязевская	Г.МОСКВА	Московская ж.д., Московско-Смоленское отд.		
Москва-Пассажирская-Киевская	Москва-Пассажирская-Киевская	Москва-Товарная-Киевская, Пост Завода им. Бадаева	Г.МОСКВА	Московская ж.д., Московско-Смоленское отд.		
Москва-Пассажирская-Смоленская	Москва-Пассажирская-Смоленская	Беговая	Г.МОСКВА	Московская ж.д., Московско-Смоленское отд.		
Москва-Рижская	ЕСР: 196127		Г.МОСКВА	Московская ж.д., Московско-Смоленское отд.		
МОСКВА-РИЖСКАЯ	Москва-Рижская	Дмитровская	Г.МОСКВА	Московская ж.д., Московско-Смоленское отд.		
Москва-Сортировочная-Киевская	Москва-Сортировочная	Матвеевское, Москва-Товарная-Киевская	Г.МОСКВА	Московская ж.д., Московско-Смоленское отд.		
Москва-Станколит	Станколит		Г.МОСКВА	Московская ж.д., Московско-Смоленское отд.		
Москва-Товарная-Киевская		Москва-Сортировочная-Киевская, Москва-Пассажирская-Киевская	Г.МОСКВА	Московская ж.д., Московско-Смоленское отд.		
Москва-Товарная-Смоленская		Тестовская	Г.МОСКВА	Московская ж.д., Московско-Смоленское отд.		
Нара	Нара	Зосимова Пустынь, Латышская	МОСКОВСКАЯ ОБЛАСТЬ	Московская ж.д., Московско-Смоленское отд.		
Нахабино	Нахабино	Аникеевка, Малиновка, Парковая	МОСКОВСКАЯ ОБЛАСТЬ	Московская ж.д., Московско-Смоленское отд.		
Некрасовская	Некрасовская	Луговая, Катуар	МОСКОВСКАЯ ОБЛАСТЬ	Московская ж.д., Московско-Смоленское отд.		
Немчиновка	Немчиновка	Сетунь, Трехгорка	МОСКОВСКАЯ ОБЛАСТЬ	Московская ж.д., Московско-Смоленское отд.		
Новогромово	Новогромово	Чернецкое, Кресты	МОСКОВСКАЯ ОБЛАСТЬ	Московская ж.д., Московско-Смоленское отд.		
Новодачная	Новодачная	Марк, Долгопрудная	МОСКОВСКАЯ ОБЛАСТЬ	Московская ж.д., Московско-Смоленское отд.		
Новоиерусалимская	Новоиерусалимская	Чеховская, Истра	МОСКОВСКАЯ ОБЛАСТЬ	Московская ж.д., Московско-Смоленское отд.		
Новопеределкино	Новопеределкино	Солнечная	Г.МОСКВА	Московская ж.д., Московско-Смоленское отд.		
Новопетровская	Новопетровская	Румянцево, Устиновка	МОСКОВСКАЯ ОБЛАСТЬ	Московская ж.д., Московско-Смоленское отд.		
Одинцово	Одинцово	Баковка, Отрадное	МОСКОВСКАЯ ОБЛАСТЬ	Московская ж.д., Московско-Смоленское отд.		
Ожигово	Ожигово	Бекасово 1, Рассудово	МОСКОВСКАЯ ОБЛАСТЬ	Московская ж.д., Московско-Смоленское отд.		
Озерки		Исаково	МОСКОВСКАЯ ОБЛАСТЬ	Московская ж.д., Московско-Смоленское отд.		
Окружная	Окружная	Тимирязевская, Дегунино	Г.МОСКВА	Московская ж.д., Московско-Смоленское отд.		
Опалиха	Опалиха	Красногорская, Аникеевка	МОСКОВСКАЯ ОБЛАСТЬ	Московская ж.д., Московско-Смоленское отд.		
Орудьево	ЕСР: 238527		МОСКОВСКАЯ ОБЛАСТЬ	Московская ж.д., Московско-Смоленское отд.		
Орудьево	Орудьево	75 км, Вербилки	МОСКОВСКАЯ ОБЛАСТЬ	Московская ж.д., Московско-Смоленское отд.		
Отрадное	Отрадное	Одинцово, Пионерская	МОСКОВСКАЯ ОБЛАСТЬ	Московская ж.д., Московско-Смоленское отд.		
Очаково 1	Очаково I	Матвеевское, Сколково	Г.МОСКВА	Московская ж.д., Московско-Смоленское отд.		
Павшино	Павшино	Трикотажная, Красногорская	МОСКОВСКАЯ ОБЛАСТЬ	Московская ж.д., Московско-Смоленское отд.		
Парковая		Нахабино, Исаково	МОСКОВСКАЯ ОБЛАСТЬ	Московская ж.д., Московско-Смоленское отд.		
Партизанская	Партизанская	Дорохово, Шаликово	МОСКОВСКАЯ ОБЛАСТЬ	Московская ж.д., Московско-Смоленское отд.		
Переделкино	Переделкино	Солнечная, Мичуринец	МОСКОВСКАЯ ОБЛАСТЬ	Московская ж.д., Московско-Смоленское отд.		
Перхушково	Перхушково	Пионерская, Здравница	МОСКОВСКАЯ ОБЛАСТЬ	Московская ж.д., Московско-Смоленское отд.		
Петелино	Петелино	Сушкинская, Часцовская	МОСКОВСКАЯ ОБЛАСТЬ	Московская ж.д., Московско-Смоленское отд.		
Пионерская	ПионерскаяПионерская	Отрадное, Перхушково	МОСКОВСКАЯ ОБЛАСТЬ	Московская ж.д., Московско-Смоленское отд.		
Победа	Победа	Крекшино, Апрелевка	МОСКОВСКАЯ ОБЛАСТЬ	Московская ж.д., Московско-Смоленское отд.		
Поварово 2	Поварово II	142 км, 136 км	МОСКОВСКАЯ ОБЛАСТЬ	Московская ж.д., Московско-Смоленское отд.		
Поварово 3	Поварово III	Депо, 142 км	МОСКОВСКАЯ ОБЛАСТЬ	Московская ж.д., Московско-Смоленское отд.		
Подмосковная		Гражданская, Покровско-Стрешнево	Г.МОСКВА	Московская ж.д., Московско-Смоленское отд.		
Пожитково	Пожитково	Бекасово 1, 221 км	МОСКОВСКАЯ ОБЛАСТЬ	Московская ж.д., Московско-Смоленское отд.		
Покровско-Стрешнево	Покровско-Стрешнево	Ленинградская, Подмосковная, Тушино	Г.МОСКВА	Московская ж.д., Московско-Смоленское отд.		
Полушкино	Полушкино	Чапаевка, Санаторная	МОСКОВСКАЯ ОБЛАСТЬ	Московская ж.д., Московско-Смоленское отд.		
Портновская	Портновская	Часцовская, Кубинка 1	МОСКОВСКАЯ ОБЛАСТЬ	Московская ж.д., Московско-Смоленское отд.		
Поселок Киевский	Посёлок Киевский	Бекасово-Сортировочное, Бекасово 1	МОСКОВСКАЯ ОБЛАСТЬ	Московская ж.д., Московско-Смоленское отд.		
Пост Завода им. Бадаева		Москва-Пассажирская-Киевская	Г.МОСКВА	Московская ж.д., Московско-Смоленское отд.		
Пост-Алексеевский			Г.МОСКВА	Московская ж.д., Московско-Смоленское отд.		
Рабочий Поселок	Рабочий Посёлок	Кунцево 1, Сетунь	Г.МОСКВА	Московская ж.д., Московско-Смоленское отд.		
Раздоры	Раздоры	Ромашково, Барвиха	МОСКОВСКАЯ ОБЛАСТЬ	Московская ж.д., Московско-Смоленское отд.		
Рассудово	Рассудово	Селятино, Ожигово	МОСКОВСКАЯ ОБЛАСТЬ	Московская ж.д., Московско-Смоленское отд.		
Ромашково	Ромашково	Кунцево 2, Раздоры, Рублево	МОСКОВСКАЯ ОБЛАСТЬ	Московская ж.д., Московско-Смоленское отд.		
Рублево		Ромашково	МОСКОВСКАЯ ОБЛАСТЬ	Московская ж.д., Московско-Смоленское отд.		
Румянцево	Румянцево	Курсаковская, Новопетровская	МОСКОВСКАЯ ОБЛАСТЬ	Московская ж.д., Московско-Смоленское отд.		
Савеловская	Савёловская		Г.МОСКВА	Московская ж.д., Московско-Смоленское отд.		
Садовая	Садовая	Театральная, Дорохово	МОСКОВСКАЯ ОБЛАСТЬ	Московская ж.д., Московско-Смоленское отд.		
Санаторная	Санаторная	Полушкино, Тучково	МОСКОВСКАЯ ОБЛАСТЬ	Московская ж.д., Московско-Смоленское отд.		
Сандарово	Сандарово	283 км, Вяткино, Детково	МОСКОВСКАЯ ОБЛАСТЬ	Московская ж.д., Московско-Смоленское отд.		
Селятино	Селятино	Алабино, Рассудово	МОСКОВСКАЯ ОБЛАСТЬ	Московская ж.д., Московско-Смоленское отд.		
Сетунь	Сетунь	Рабочий Поселок, Немчиновка	Г.МОСКВА	Московская ж.д., Московско-Смоленское отд.		
Сколково	Сколково	Очаково 1, Солнечная	Г.МОСКВА	Московская ж.д., Московско-Смоленское отд.		
Скоротово	Скоротово	Хлюпино, Звенигород	МОСКОВСКАЯ ОБЛАСТЬ	Московская ж.д., Московско-Смоленское отд.		
Снегири	Снегири	Миитовская, 50 км	МОСКОВСКАЯ ОБЛАСТЬ	Московская ж.д., Московско-Смоленское отд.		
Солнечная	Солнечная	Сколково, Переделкино, Новопеределкино	Г.МОСКВА	Московская ж.д., Московско-Смоленское отд.		
Соревнование	Соревнование	Вербилки, Запрудная	МОСКОВСКАЯ ОБЛАСТЬ	Московская ж.д., Московско-Смоленское отд.		
Сушкинская	Сушкинская	Голицыно, Петелино	МОСКОВСКАЯ ОБЛАСТЬ	Московская ж.д., Московско-Смоленское отд.		
Талдом-Савеловский	Талдом-Савёловский	Власово, Лебзино	МОСКОВСКАЯ ОБЛАСТЬ	Московская ж.д., Московско-Смоленское отд.		
Театральная	Театральная	Тучково, Садовая	МОСКОВСКАЯ ОБЛАСТЬ	Московская ж.д., Московско-Смоленское отд.		
Темпы	Темпы	Запрудная, Мельдино	МОСКОВСКАЯ ОБЛАСТЬ	Московская ж.д., Московско-Смоленское отд.		
Тестовская	Тестовская	Фили, Москва-Товарная-Смоленская, Беговая	Г.МОСКВА	Московская ж.д., Московско-Смоленское отд.		
Тимирязевская	Тимирязевская	Москва-Бутырская, Окружная	Г.МОСКВА	Московская ж.д., Московско-Смоленское отд.		
Толстопальцево	Толстопальцево	Лесной Городок, Кокошкино	МОСКОВСКАЯ ОБЛАСТЬ	Московская ж.д., Московско-Смоленское отд.		
Трехгорка		Немчиновка, Баковка	МОСКОВСКАЯ ОБЛАСТЬ	Московская ж.д., Московско-Смоленское отд.		
Трикотажная	Трикотажная	Тушино, Павшино	Г.МОСКВА	Московская ж.д., Московско-Смоленское отд.		
Троицкая	Троицкая	Манихино 1, Истра	МОСКОВСКАЯ ОБЛАСТЬ	Московская ж.д., Московско-Смоленское отд.		
Трудовая	Трудовая	Катуар, Икша	МОСКОВСКАЯ ОБЛАСТЬ	Московская ж.д., Московско-Смоленское отд.		
Турист	Турист	Морозки, Яхрома	МОСКОВСКАЯ ОБЛАСТЬ	Московская ж.д., Московско-Смоленское отд.		
Тучково	Тучково	Санаторная, Театральная	МОСКОВСКАЯ ОБЛАСТЬ	Московская ж.д., Московско-Смоленское отд.		
Тушино	Тушино	Покровско-Стрешнево, Трикотажная	Г.МОСКВА	Московская ж.д., Московско-Смоленское отд.		
Усово	Усово	Ильинское	МОСКОВСКАЯ ОБЛАСТЬ	Московская ж.д., Московско-Смоленское отд.		
Устиновка	Устиновка	Новопетровская, 91 км	МОСКОВСКАЯ ОБЛАСТЬ	Московская ж.д., Московско-Смоленское отд.		
Фили	Фили	Кунцево 1, Тестовская	Г.МОСКВА	Московская ж.д., Московско-Смоленское отд.		
Фили (перев.)	ЕСР: 181600	Фили, Тестовская	Г.МОСКВА	Московская ж.д., Московско-Смоленское отд.		
Хлебниково	Хлебниково	Водники, Шереметьевская	МОСКОВСКАЯ ОБЛАСТЬ	Московская ж.д., Московско-Смоленское отд.		
Хлюпино		Захарово, Скоротово	МОСКОВСКАЯ ОБЛАСТЬ	Московская ж.д., Московско-Смоленское отд.		
Холщевики	Холщевики	Чеховская, 73 км	МОСКОВСКАЯ ОБЛАСТЬ	Московская ж.д., Московско-Смоленское отд.		
Чапаевка	Чапаевка	Кубинка 1, Полушкино	МОСКОВСКАЯ ОБЛАСТЬ	Московская ж.д., Московско-Смоленское отд.		
Часцовская	Часцовская	Петелино, Портновская	МОСКОВСКАЯ ОБЛАСТЬ	Московская ж.д., Московско-Смоленское отд.		
Чернецкое	Чернецкое	274 км, Новогромово	МОСКОВСКАЯ ОБЛАСТЬ	Московская ж.д., Московско-Смоленское отд.		
Чеховская	Чеховская	Новоиерусалимская, Холщевики	МОСКОВСКАЯ ОБЛАСТЬ	Московская ж.д., Московско-Смоленское отд.		
Чисмена	Чисмена	Лесодолгоруково, Матренино	МОСКОВСКАЯ ОБЛАСТЬ	Московская ж.д., Московско-Смоленское отд.		
Шаликово	Шаликово	Партизанская, Кукаринская	МОСКОВСКАЯ ОБЛАСТЬ	Московская ж.д., Московско-Смоленское отд.		
Шаховская	Шаховская	Муриково, 149 км	МОСКОВСКАЯ ОБЛАСТЬ	Московская ж.д., Московско-Смоленское отд.		
ШАХОВСКАЯ САИПС	ЕСР: 197702		МОСКОВСКАЯ ОБЛАСТЬ	Московская ж.д., Московско-Смоленское отд.		
Шереметьевская	Шереметьевская	Хлебниково, Лобня	МОСКОВСКАЯ ОБЛАСТЬ	Московская ж.д., Московско-Смоленское отд.		
Ядрошино	Ядрошино	73 км, Курсаковская	МОСКОВСКАЯ ОБЛАСТЬ	Московская ж.д., Московско-Смоленское отд.		
Ястребки	Ястребки	191 км, 198 км	МОСКОВСКАЯ ОБЛАСТЬ	Московская ж.д., Московско-Смоленское отд.		
Яхрома	Яхрома	Турист, 87 км, Дмитров	МОСКОВСКАЯ ОБЛАСТЬ	Московская ж.д., Московско-Смоленское отд.		
144 км	144 км	147 км, Уваровка	МОСКОВСКАЯ ОБЛАСТЬ	Московская ж.д., Смоленское отд.		
147 км	147 км	144 км, Дровнино	МОСКОВСКАЯ ОБЛАСТЬ	Московская ж.д., Смоленское отд.		
Бородино	Бородино	Колочь, Можайск	МОСКОВСКАЯ ОБЛАСТЬ	Московская ж.д., Смоленское отд.		
Дровнино	Дровнино	Батюшково (Смоленская область), 147 км	МОСКОВСКАЯ ОБЛАСТЬ	Московская ж.д., Смоленское отд.		
Колочь	Колочь	Уваровка, Бородино	МОСКОВСКАЯ ОБЛАСТЬ	Московская ж.д., Смоленское отд.		
Уваровка	Уваровка	144 км, Колочь	МОСКОВСКАЯ ОБЛАСТЬ	Московская ж.д., Смоленское отд.		
107 км	107 км	Ока, Приокская (Тульская область)	МОСКОВСКАЯ ОБЛАСТЬ	Московская ж.д., Тульское отд.		
МОСКВА-ТОВ-ОКТ-НИКОЛАЕВКА САИПС	ЕСР: 060209		Г.МОСКВА	Октябрьская ж.д.		
МОСКВА-ТОВАРНАЯ-ОКТЯБРЬСКАЯ САИПС	ЕСР: 060209		Г.МОСКВА	Октябрьская ж.д.		
ХОВРИНО САИПС	ЕСР: 060001		Г.МОСКВА	Октябрьская ж.д.		
ХОВРИНО-ЛИХ	ЕСР: 060001		Г.МОСКВА	Октябрьская ж.д.		
ХОВРИНО-ЛИХ-НСУ 2	ЕСР: 060001		Г.МОСКВА	Октябрьская ж.д.		
ХОВРИНО-МОСК-ТОВ	ЕСР: 060001		Г.МОСКВА	Октябрьская ж.д.		
ХОВРИНО-ХИМКИ	ЕСР: 060001		Г.МОСКВА	Октябрьская ж.д.		
ХОВРИНО-ЧЕТ	ЕСР: 060001		Г.МОСКВА	Октябрьская ж.д.		
165 км	165 км	Муриково, 167 км	МОСКОВСКАЯ ОБЛАСТЬ	Октябрьская ж.д., Московское отд.		
167 км	167 км	Княжьи Горы (Тверская область), 165 км	МОСКОВСКАЯ ОБЛАСТЬ	Октябрьская ж.д., Московское отд.		
Алабушево	Алабушево	Крюково, Радищево	МОСКОВСКАЯ ОБЛАСТЬ	Октябрьская ж.д., Московское отд.		
Березки-Дачные	Берёзки-Дачные	Поварово 1, Подсолнечная	МОСКОВСКАЯ ОБЛАСТЬ	Октябрьская ж.д., Московское отд.		
Головково	Головково	Сенеж, Покровка	МОСКОВСКАЯ ОБЛАСТЬ	Октябрьская ж.д., Московское отд.		
Клин	Клин	Стриглово, Ямуга	МОСКОВСКАЯ ОБЛАСТЬ	Октябрьская ж.д., Московское отд.		
Крюково	Крюково	Малино, Крюково-Грузовое, Алабушево	МОСКОВСКАЯ ОБЛАСТЬ	Октябрьская ж.д., Московское отд.		
Крюково-Грузовое		Крюково	МОСКОВСКАЯ ОБЛАСТЬ	Октябрьская ж.д., Московское отд.		
Левобережье	Левобережная	Химки	МОСКОВСКАЯ ОБЛАСТЬ	Октябрьская ж.д., Московское отд.		
Малино	Малино	Фирсановская, Крюково	МОСКОВСКАЯ ОБЛАСТЬ	Октябрьская ж.д., Московское отд.		
Москва-Пассажирская	Москва-Пассажирская	Москва-Товарная	Г.МОСКВА	Октябрьская ж.д., Московское отд.		
Москва-Товарная		Рижская, Москва-Пассажирская	Г.МОСКВА	Октябрьская ж.д., Московское отд.		
Моссельмаш	Моссельмаш	Ховрино, НАТИ	Г.МОСКВА	Октябрьская ж.д., Московское отд.		
Муриково	Муриково	165 км, Шаховская	МОСКОВСКАЯ ОБЛАСТЬ	Октябрьская ж.д., Московское отд.		
НАТИ	НАТИ	Моссельмаш, Петровско-Разумовская	Г.МОСКВА	Октябрьская ж.д., Московское отд.		
Новоподрезково	Новоподрезково	Планерная, Подрезково	МОСКОВСКАЯ ОБЛАСТЬ	Октябрьская ж.д., Московское отд.		
Останкино	Останкино	Петровско-Разумовская, Рижская	Г.МОСКВА	Октябрьская ж.д., Московское отд.		
Петровско-Разумовская	Петровско-Разумовское	НАТИ, Останкино	Г.МОСКВА	Октябрьская ж.д., Московское отд.		
Планерная	Планерная	Химки, Новоподрезково	МОСКОВСКАЯ ОБЛАСТЬ	Октябрьская ж.д., Московское отд.		
Поваровка	Поваровка	Радищево, Поварово 1	МОСКОВСКАЯ ОБЛАСТЬ	Октябрьская ж.д., Московское отд.		
Поварово 1	Поварово I	Поваровка, Березки-Дачные	МОСКОВСКАЯ ОБЛАСТЬ	Октябрьская ж.д., Московское отд.		
ПОВАРОВО-1 САИПС	ЕСР: 060707		МОСКОВСКАЯ ОБЛАСТЬ	Октябрьская ж.д., Московское отд.		
Подрезково	Подрезково	Новоподрезково, Сходня	МОСКОВСКАЯ ОБЛАСТЬ	Октябрьская ж.д., Московское отд.		
Подсолнечная	Подсолнечная	Березки-Дачные, Сенеж	МОСКОВСКАЯ ОБЛАСТЬ	Октябрьская ж.д., Московское отд.		
Покровка	Покровка	Головково, Фроловское	МОСКОВСКАЯ ОБЛАСТЬ	Октябрьская ж.д., Московское отд.		
Радищево	Радищево	Алабушево, Поваровка	МОСКОВСКАЯ ОБЛАСТЬ	Октябрьская ж.д., Московское отд.		
Решетниково	Решетниково	Ямуга, Черничная (Тверская область), Путепроводная (Тверская область)	МОСКОВСКАЯ ОБЛАСТЬ	Октябрьская ж.д., Московское отд.		
Рижская	РижскаяРижская	Останкино, Москва-Товарная	Г.МОСКВА	Октябрьская ж.д., Московское отд.		
Сенеж	Сенеж	Подсолнечная, Головково	МОСКОВСКАЯ ОБЛАСТЬ	Октябрьская ж.д., Московское отд.		
Стриглово	Стреглово	Фроловское, Клин	МОСКОВСКАЯ ОБЛАСТЬ	Октябрьская ж.д., Московское отд.		
Сходня	Сходня	Подрезково, Фирсановская	МОСКОВСКАЯ ОБЛАСТЬ	Октябрьская ж.д., Московское отд.		
Фирсановская	Фирсановская	Сходня, Малино	МОСКОВСКАЯ ОБЛАСТЬ	Октябрьская ж.д., Московское отд.		
Фроловское	Фроловское	Покровка, Стриглово	МОСКОВСКАЯ ОБЛАСТЬ	Октябрьская ж.д., Московское отд.		
Химки	Химки	Левобережье, Планерная	МОСКОВСКАЯ ОБЛАСТЬ	Октябрьская ж.д., Московское отд.		
Ховрино	Ховрино	Моссельмаш	Г.МОСКВА	Октябрьская ж.д., Московское отд.		
Ямуга	Ямуга	Клин, Решетниково	МОСКОВСКАЯ ОБЛАСТЬ	Октябрьская ж.д., Московское отд.		